Spawn.Date,Species,Sample_ID,Origin,Treatment,Well.Num,Num.Eggs,Initials,Notes
20201007,A.cyatherea,A.cy_23,Mahana,Wild,1,8,DC,
20201007,A.cyatherea,A.cy_23,Mahana,Wild,2,9,DC,
20201007,A.cyatherea,A.cy_23,Mahana,Wild,3,9,DC,
20201007,A.cyatherea,A.cy_23,Mahana,Wild,4,6,DC,
20201007,A.cyatherea,A.cy_23,Mahana,Wild,5,11,DC,
20201007,A.cyatherea,A.cy_23,Mahana,Wild,6,8,DC,
20201007,A.cyatherea,A.cy_23,Mahana,Wild,7,8,DC,
20201007,A.cyatherea,A.cy_23,Mahana,Wild,8,8,DC,
20201007,A.cyatherea,A.cy_23,Mahana,Wild,9,6,DC,
20201007,A.cyatherea,A.cy_23,Mahana,Wild,10,4,DC,
20201007,A.cyatherea,A.cy_23,Mahana,Wild,11,6,DC,
20201007,A.cyatherea,A.cy_23,Mahana,Wild,12,8,DC,
20201007,A.cyatherea,A.cy_23,Mahana,Wild,13,10,DC,
20201007,A.cyatherea,A.cy_23,Mahana,Wild,14,8,DC,
20201007,A.cyatherea,A.cy_23,Mahana,Wild,15,7,DC,
20201007,A.cyatherea,A.cy_23,Mahana,Wild,16,8,DC,
20201007,A.cyatherea,A.cy_23,Mahana,Wild,17,7,DC,
20201007,A.cyatherea,A.cy_23,Mahana,Wild,18,9,DC,
20201007,A.cyatherea,A.cy_23,Mahana,Wild,19,12,DC,
20201007,A.cyatherea,A.cy_23,Mahana,Wild,20,6,DC,
20201007,A.cyatherea,A.cy_23,Mahana,Wild,21,8,DC,
20201007,A.cyatherea,A.cy_23,Mahana,Wild,22,8,DC,
20201007,A.cyatherea,A.cy_23,Mahana,Wild,23,11,DC,
20201007,A.cyatherea,A.cy_23,Mahana,Wild,24,11,DC,
20201007,A.cyatherea,A.cy_29,Sofitel,Wild,1,7,DC,
20201007,A.cyatherea,A.cy_29,Sofitel,Wild,2,6,DC,
20201007,A.cyatherea,A.cy_29,Sofitel,Wild,3,7,DC,
20201007,A.cyatherea,A.cy_29,Sofitel,Wild,4,6,DC,
20201007,A.cyatherea,A.cy_29,Sofitel,Wild,5,8,DC,
20201007,A.cyatherea,A.cy_29,Sofitel,Wild,6,6,DC,
20201007,A.cyatherea,A.cy_29,Sofitel,Wild,7,8,DC,
20201007,A.cyatherea,A.cy_29,Sofitel,Wild,8,8,DC,
20201007,A.cyatherea,A.cy_29,Sofitel,Wild,9,9,DC,
20201007,A.cyatherea,A.cy_29,Sofitel,Wild,10,7,DC,
20201007,A.cyatherea,A.cy_29,Sofitel,Wild,11,15,DC,
20201007,A.cyatherea,A.cy_29,Sofitel,Wild,12,6,DC,
20201007,A.cyatherea,A.cy_29,Sofitel,Wild,13,7,DC,
20201007,A.cyatherea,A.cy_29,Sofitel,Wild,14,8,DC,
20201007,A.cyatherea,A.cy_29,Sofitel,Wild,15,12,DC,
20201007,A.cyatherea,A.cy_29,Sofitel,Wild,16,7,DC,
20201007,A.cyatherea,A.cy_29,Sofitel,Wild,17,6,DC,
20201007,A.cyatherea,A.cy_29,Sofitel,Wild,18,10,DC,
20201007,A.cyatherea,A.cy_29,Sofitel,Wild,19,7,DC,
20201007,A.cyatherea,A.cy_29,Sofitel,Wild,20,7,DC,
20201007,A.cyatherea,A.cy_29,Sofitel,Wild,21,11,DC,
20201007,A.cyatherea,A.cy_29,Sofitel,Wild,22,9,DC,
20201007,A.cyatherea,A.cy_29,Sofitel,Wild,23,9,DC,
20201007,A.cyatherea,A.cy_29,Sofitel,Wild,24,6,DC,
20201007,A.cyatherea,A.cy_25,Mahana,Wild,1,9,DC,
20201007,A.cyatherea,A.cy_25,Mahana,Wild,2,7,DC,
20201007,A.cyatherea,A.cy_25,Mahana,Wild,3,5,DC,
20201007,A.cyatherea,A.cy_25,Mahana,Wild,4,7,DC,
20201007,A.cyatherea,A.cy_25,Mahana,Wild,5,6,DC,
20201007,A.cyatherea,A.cy_25,Mahana,Wild,6,6,DC,
20201007,A.cyatherea,A.cy_25,Mahana,Wild,7,6,DC,
20201007,A.cyatherea,A.cy_25,Mahana,Wild,8,6,DC,
20201007,A.cyatherea,A.cy_25,Mahana,Wild,9,4,DC,
20201007,A.cyatherea,A.cy_25,Mahana,Wild,10,6,DC,
20201007,A.cyatherea,A.cy_25,Mahana,Wild,11,7,DC,
20201007,A.cyatherea,A.cy_25,Mahana,Wild,12,4,DC,
20201007,A.cyatherea,A.cy_25,Mahana,Wild,13,6,DC,
20201007,A.cyatherea,A.cy_25,Mahana,Wild,14,5,DC,
20201007,A.cyatherea,A.cy_25,Mahana,Wild,15,7,DC,
20201007,A.cyatherea,A.cy_25,Mahana,Wild,16,7,DC,
20201007,A.cyatherea,A.cy_25,Mahana,Wild,17,4,DC,
20201007,A.cyatherea,A.cy_25,Mahana,Wild,18,7,DC,
20201007,A.cyatherea,A.cy_25,Mahana,Wild,19,5,DC,
20201007,A.cyatherea,A.cy_25,Mahana,Wild,20,6,DC,
20201007,A.cyatherea,A.cy_25,Mahana,Wild,21,7,DC,
20201007,A.cyatherea,A.cy_25,Mahana,Wild,22,5,DC,
20201007,A.cyatherea,A.cy_25,Mahana,Wild,23,5,DC,
20201007,A.cyatherea,A.cy_25,Mahana,Wild,24,6,DC,
20201007,A.cyatherea,A.cy_30,Mahana,Wild,1,6,DC,
20201007,A.cyatherea,A.cy_30,Mahana,Wild,2,6,DC,
20201007,A.cyatherea,A.cy_30,Mahana,Wild,3,9,DC,
20201007,A.cyatherea,A.cy_30,Mahana,Wild,4,11,DC,
20201007,A.cyatherea,A.cy_30,Mahana,Wild,5,9,DC,
20201007,A.cyatherea,A.cy_30,Mahana,Wild,6,NA,DC,Missing a bundle
20201007,A.cyatherea,A.cy_30,Mahana,Wild,7,5,DC,
20201007,A.cyatherea,A.cy_30,Mahana,Wild,8,10,DC,
20201007,A.cyatherea,A.cy_30,Mahana,Wild,9,9,DC,
20201007,A.cyatherea,A.cy_30,Mahana,Wild,10,7,DC,
20201007,A.cyatherea,A.cy_30,Mahana,Wild,11,10,DC,
20201007,A.cyatherea,A.cy_30,Mahana,Wild,12,8,DC,
20201007,A.cyatherea,A.cy_30,Mahana,Wild,13,7,DC,
20201007,A.cyatherea,A.cy_30,Mahana,Wild,14,11,DC,
20201007,A.cyatherea,A.cy_30,Mahana,Wild,15,8,DC,
20201007,A.cyatherea,A.cy_30,Mahana,Wild,16,5,DC,
20201007,A.cyatherea,A.cy_30,Mahana,Wild,17,12,DC,
20201007,A.cyatherea,A.cy_30,Mahana,Wild,18,6,DC,
20201007,A.cyatherea,A.cy_30,Mahana,Wild,19,5,DC,
20201007,A.cyatherea,A.cy_30,Mahana,Wild,20,7,DC,
20201007,A.cyatherea,A.cy_30,Mahana,Wild,21,12,DC,
20201007,A.cyatherea,A.cy_30,Mahana,Wild,22,12,DC,
20201007,A.cyatherea,A.cy_30,Mahana,Wild,23,6,DC,
20201007,A.cyatherea,A.cy_30,Mahana,Wild,24,10,DC,
20201007,A.cyatherea,A.cy_27,Mahana,Wild,1,7,DC,
20201007,A.cyatherea,A.cy_27,Mahana,Wild,2,7,DC,
20201007,A.cyatherea,A.cy_27,Mahana,Wild,3,7,DC,
20201007,A.cyatherea,A.cy_27,Mahana,Wild,4,12,DC,
20201007,A.cyatherea,A.cy_27,Mahana,Wild,5,9,DC,
20201007,A.cyatherea,A.cy_27,Mahana,Wild,6,10,DC,
20201007,A.cyatherea,A.cy_27,Mahana,Wild,7,9,DC,
20201007,A.cyatherea,A.cy_27,Mahana,Wild,8,9,DC,
20201007,A.cyatherea,A.cy_27,Mahana,Wild,9,7,DC,
20201007,A.cyatherea,A.cy_27,Mahana,Wild,10,9,DC,
20201007,A.cyatherea,A.cy_27,Mahana,Wild,11,5,DC,
20201007,A.cyatherea,A.cy_27,Mahana,Wild,12,11,DC,
20201007,A.cyatherea,A.cy_27,Mahana,Wild,13,5,DC,
20201007,A.cyatherea,A.cy_27,Mahana,Wild,14,6,DC,
20201007,A.cyatherea,A.cy_27,Mahana,Wild,15,12,DC,
20201007,A.cyatherea,A.cy_27,Mahana,Wild,16,8,DC,
20201007,A.cyatherea,A.cy_27,Mahana,Wild,17,7,DC,
20201007,A.cyatherea,A.cy_27,Mahana,Wild,18,5,DC,
20201007,A.cyatherea,A.cy_27,Mahana,Wild,19,8,DC,
20201007,A.cyatherea,A.cy_27,Mahana,Wild,20,9,DC,
20201007,A.cyatherea,A.cy_27,Mahana,Wild,21,10,DC,
20201007,A.cyatherea,A.cy_27,Mahana,Wild,22,8,DC,
20201007,A.cyatherea,A.cy_27,Mahana,Wild,23,9,DC,
20201007,A.cyatherea,A.cy_27,Mahana,Wild,24,10,DC,
20201007,A.cyatherea,A.cy_26,Mahana,Wild,1,6,DC,
20201007,A.cyatherea,A.cy_26,Mahana,Wild,2,6,DC,
20201007,A.cyatherea,A.cy_26,Mahana,Wild,3,5,DC,
20201007,A.cyatherea,A.cy_26,Mahana,Wild,4,4,DC,
20201007,A.cyatherea,A.cy_26,Mahana,Wild,5,6,DC,
20201007,A.cyatherea,A.cy_26,Mahana,Wild,6,8,DC,
20201007,A.cyatherea,A.cy_26,Mahana,Wild,7,8,DC,
20201007,A.cyatherea,A.cy_26,Mahana,Wild,8,7,DC,
20201007,A.cyatherea,A.cy_26,Mahana,Wild,9,6,DC,
20201007,A.cyatherea,A.cy_26,Mahana,Wild,10,5,DC,
20201007,A.cyatherea,A.cy_26,Mahana,Wild,11,6,DC,
20201007,A.cyatherea,A.cy_26,Mahana,Wild,12,7,DC,
20201007,A.cyatherea,A.cy_26,Mahana,Wild,13,6,DC,
20201007,A.cyatherea,A.cy_26,Mahana,Wild,14,7,DC,
20201007,A.cyatherea,A.cy_26,Mahana,Wild,15,5,DC,
20201007,A.cyatherea,A.cy_26,Mahana,Wild,16,6,DC,
20201007,A.cyatherea,A.cy_26,Mahana,Wild,17,8,DC,
20201007,A.cyatherea,A.cy_26,Mahana,Wild,18,9,DC,
20201007,A.cyatherea,A.cy_26,Mahana,Wild,19,7,DC,
20201007,A.cyatherea,A.cy_26,Mahana,Wild,20,5,DC,
20201007,A.cyatherea,A.cy_26,Mahana,Wild,21,6,DC,
20201007,A.cyatherea,A.cy_26,Mahana,Wild,22,6,DC,
20201007,A.cyatherea,A.cy_26,Mahana,Wild,23,7,DC,
20201007,A.cyatherea,A.cy_26,Mahana,Wild,24,7,DC,
20201007,A.cyatherea,A.cy_19,Mahana,Wild,1,7,DC,
20201007,A.cyatherea,A.cy_19,Mahana,Wild,2,11,DC,
20201007,A.cyatherea,A.cy_19,Mahana,Wild,3,9,DC,
20201007,A.cyatherea,A.cy_19,Mahana,Wild,4,9,DC,
20201007,A.cyatherea,A.cy_19,Mahana,Wild,5,8,DC,
20201007,A.cyatherea,A.cy_19,Mahana,Wild,6,7,DC,
20201007,A.cyatherea,A.cy_19,Mahana,Wild,7,6,DC,
20201007,A.cyatherea,A.cy_19,Mahana,Wild,8,7,DC,
20201007,A.cyatherea,A.cy_19,Mahana,Wild,9,8,DC,
20201007,A.cyatherea,A.cy_19,Mahana,Wild,10,9,DC,
20201007,A.cyatherea,A.cy_19,Mahana,Wild,11,7,DC,
20201007,A.cyatherea,A.cy_19,Mahana,Wild,12,6,DC,
20201007,A.cyatherea,A.cy_19,Mahana,Wild,13,12,DC,
20201007,A.cyatherea,A.cy_19,Mahana,Wild,14,13,DC,
20201007,A.cyatherea,A.cy_19,Mahana,Wild,15,5,DC,
20201007,A.cyatherea,A.cy_19,Mahana,Wild,16,7,DC,
20201007,A.cyatherea,A.cy_19,Mahana,Wild,17,10,DC,
20201007,A.cyatherea,A.cy_19,Mahana,Wild,18,9,DC,
20201007,A.cyatherea,A.cy_19,Mahana,Wild,19,8,DC,
20201007,A.cyatherea,A.cy_19,Mahana,Wild,20,10,DC,
20201007,A.cyatherea,A.cy_19,Mahana,Wild,21,6,DC,
20201007,A.cyatherea,A.cy_19,Mahana,Wild,22,4,DC,
20201007,A.cyatherea,A.cy_19,Mahana,Wild,23,7,DC,
20201007,A.cyatherea,A.cy_19,Mahana,Wild,24,9,DC,
20201007,A.cyatherea,A.cy_28,Mahana,Wild,1,7,DC,
20201007,A.cyatherea,A.cy_28,Mahana,Wild,2,11,DC,
20201007,A.cyatherea,A.cy_28,Mahana,Wild,3,6,DC,
20201007,A.cyatherea,A.cy_28,Mahana,Wild,4,4,DC,
20201007,A.cyatherea,A.cy_28,Mahana,Wild,5,6,DC,
20201007,A.cyatherea,A.cy_28,Mahana,Wild,6,4,DC,
20201007,A.cyatherea,A.cy_28,Mahana,Wild,7,6,DC,
20201007,A.cyatherea,A.cy_28,Mahana,Wild,8,4,DC,
20201007,A.cyatherea,A.cy_28,Mahana,Wild,9,6,DC,
20201007,A.cyatherea,A.cy_28,Mahana,Wild,10,6,DC,
20201007,A.cyatherea,A.cy_28,Mahana,Wild,11,4,DC,
20201007,A.cyatherea,A.cy_28,Mahana,Wild,12,6,DC,
20201007,A.cyatherea,A.cy_28,Mahana,Wild,13,5,DC,
20201007,A.cyatherea,A.cy_28,Mahana,Wild,14,7,DC,
20201007,A.cyatherea,A.cy_28,Mahana,Wild,15,7,DC,
20201007,A.cyatherea,A.cy_28,Mahana,Wild,16,5,DC,
20201007,A.cyatherea,A.cy_28,Mahana,Wild,17,5,DC,
20201007,A.cyatherea,A.cy_28,Mahana,Wild,18,6,DC,
20201007,A.cyatherea,A.cy_28,Mahana,Wild,19,7,DC,
20201007,A.cyatherea,A.cy_28,Mahana,Wild,20,7,DC,
20201007,A.cyatherea,A.cy_28,Mahana,Wild,21,6,DC,
20201007,A.cyatherea,A.cy_28,Mahana,Wild,22,13,DC,
20201007,A.cyatherea,A.cy_28,Mahana,Wild,23,6,DC,
20201007,A.cyatherea,A.cy_28,Mahana,Wild,24,4,DC,
20201007,A.cyatherea,A.cy_31,Mahana,Wild,1,7,DC,
20201007,A.cyatherea,A.cy_31,Mahana,Wild,2,6,DC,
20201007,A.cyatherea,A.cy_31,Mahana,Wild,3,7,DC,
20201007,A.cyatherea,A.cy_31,Mahana,Wild,4,8,DC,
20201007,A.cyatherea,A.cy_31,Mahana,Wild,5,7,DC,
20201007,A.cyatherea,A.cy_31,Mahana,Wild,6,6,DC,
20201007,A.cyatherea,A.cy_31,Mahana,Wild,7,6,DC,
20201007,A.cyatherea,A.cy_31,Mahana,Wild,8,6,DC,
20201007,A.cyatherea,A.cy_31,Mahana,Wild,9,7,DC,
20201007,A.cyatherea,A.cy_31,Mahana,Wild,10,7,DC,
20201007,A.cyatherea,A.cy_31,Mahana,Wild,11,6,DC,
20201007,A.cyatherea,A.cy_31,Mahana,Wild,12,4,DC,
20201007,A.cyatherea,A.cy_31,Mahana,Wild,13,5,DC,
20201007,A.cyatherea,A.cy_31,Mahana,Wild,14,6,DC,
20201007,A.cyatherea,A.cy_31,Mahana,Wild,15,8,DC,
20201007,A.cyatherea,A.cy_31,Mahana,Wild,16,7,DC,
20201007,A.cyatherea,A.cy_31,Mahana,Wild,17,6,DC,
20201007,A.cyatherea,A.cy_31,Mahana,Wild,18,7,DC,
20201007,A.cyatherea,A.cy_31,Mahana,Wild,19,10,DC,
20201007,A.cyatherea,A.cy_31,Mahana,Wild,20,5,DC,
20201007,A.cyatherea,A.cy_31,Mahana,Wild,21,6,DC,
20201007,A.cyatherea,A.cy_31,Mahana,Wild,22,6,DC,
20201007,A.cyatherea,A.cy_31,Mahana,Wild,23,6,DC,
20201007,A.cyatherea,A.cy_31,Mahana,Wild,24,6,DC,
20201007,A.pulchra,A.pul_75,Mahana,Wild,1,4,DC,
20201007,A.pulchra,A.pul_75,Mahana,Wild,2,7,DC,
20201007,A.pulchra,A.pul_75,Mahana,Wild,3,6,DC,
20201007,A.pulchra,A.pul_75,Mahana,Wild,4,6,DC,
20201007,A.pulchra,A.pul_75,Mahana,Wild,5,5,DC,
20201007,A.pulchra,A.pul_75,Mahana,Wild,6,7,DC,
20201007,A.pulchra,A.pul_75,Mahana,Wild,7,10,DC,
20201007,A.pulchra,A.pul_75,Mahana,Wild,8,5,DC,
20201007,A.pulchra,A.pul_75,Mahana,Wild,9,7,DC,
20201007,A.pulchra,A.pul_75,Mahana,Wild,10,5,DC,
20201007,A.pulchra,A.pul_75,Mahana,Wild,11,7,DC,
20201007,A.pulchra,A.pul_75,Mahana,Wild,12,7,DC,
20201007,A.pulchra,A.pul_75,Mahana,Wild,13,5,DC,
20201007,A.pulchra,A.pul_75,Mahana,Wild,14,6,DC,
20201007,A.pulchra,A.pul_75,Mahana,Wild,15,6,DC,
20201007,A.pulchra,A.pul_75,Mahana,Wild,16,10,DC,
20201007,A.pulchra,A.pul_75,Mahana,Wild,17,8,DC,
20201007,A.pulchra,A.pul_75,Mahana,Wild,18,6,DC,
20201007,A.pulchra,A.pul_75,Mahana,Wild,19,6,DC,
20201007,A.pulchra,A.pul_75,Mahana,Wild,20,4,DC,
20201007,A.pulchra,A.pul_75,Mahana,Wild,21,4,DC,
20201007,A.pulchra,A.pul_75,Mahana,Wild,22,6,DC,
20201007,A.pulchra,A.pul_75,Mahana,Wild,23,4,DC,
20201007,A.pulchra,A.pul_75,Mahana,Wild,24,9,DC,
20201007,A.pulchra,A.pul_77,Mahana,Wild,1,6,DC,
20201007,A.pulchra,A.pul_77,Mahana,Wild,2,6,DC,
20201007,A.pulchra,A.pul_77,Mahana,Wild,3,8,DC,
20201007,A.pulchra,A.pul_77,Mahana,Wild,4,5,DC,
20201007,A.pulchra,A.pul_77,Mahana,Wild,5,8,DC,
20201007,A.pulchra,A.pul_77,Mahana,Wild,6,4,DC,
20201007,A.pulchra,A.pul_77,Mahana,Wild,7,7,DC,
20201007,A.pulchra,A.pul_77,Mahana,Wild,8,4,DC,
20201007,A.pulchra,A.pul_77,Mahana,Wild,9,5,DC,
20201007,A.pulchra,A.pul_77,Mahana,Wild,10,10,DC,
20201007,A.pulchra,A.pul_77,Mahana,Wild,11,3,DC,
20201007,A.pulchra,A.pul_77,Mahana,Wild,12,7,DC,
20201007,A.pulchra,A.pul_77,Mahana,Wild,13,10,DC,
20201007,A.pulchra,A.pul_77,Mahana,Wild,14,4,DC,
20201007,A.pulchra,A.pul_77,Mahana,Wild,15,3,DC,
20201007,A.pulchra,A.pul_77,Mahana,Wild,16,6,DC,
20201007,A.pulchra,A.pul_77,Mahana,Wild,17,5,DC,
20201007,A.pulchra,A.pul_77,Mahana,Wild,18,7,DC,
20201007,A.pulchra,A.pul_77,Mahana,Wild,19,6,DC,
20201007,A.pulchra,A.pul_77,Mahana,Wild,20,9,DC,
20201007,A.pulchra,A.pul_77,Mahana,Wild,21,5,DC,
20201007,A.pulchra,A.pul_77,Mahana,Wild,22,6,DC,
20201007,A.pulchra,A.pul_77,Mahana,Wild,23,6,DC,
20201007,A.pulchra,A.pul_77,Mahana,Wild,24,3,DC,
20201007,A.pulchra,A.pul_80,Mahana,Wild,1,6,DC,
20201007,A.pulchra,A.pul_80,Mahana,Wild,2,7,DC,
20201007,A.pulchra,A.pul_80,Mahana,Wild,3,4,DC,
20201007,A.pulchra,A.pul_80,Mahana,Wild,4,4,DC,
20201007,A.pulchra,A.pul_80,Mahana,Wild,5,3,DC,
20201007,A.pulchra,A.pul_80,Mahana,Wild,6,4,DC,
20201007,A.pulchra,A.pul_80,Mahana,Wild,7,6,DC,
20201007,A.pulchra,A.pul_80,Mahana,Wild,8,4,DC,
20201007,A.pulchra,A.pul_80,Mahana,Wild,9,9,DC,
20201007,A.pulchra,A.pul_80,Mahana,Wild,10,6,DC,
20201007,A.pulchra,A.pul_80,Mahana,Wild,11,7,DC,
20201007,A.pulchra,A.pul_80,Mahana,Wild,12,4,DC,
20201007,A.pulchra,A.pul_80,Mahana,Wild,13,7,DC,
20201007,A.pulchra,A.pul_80,Mahana,Wild,14,10,DC,
20201007,A.pulchra,A.pul_80,Mahana,Wild,15,7,DC,
20201007,A.pulchra,A.pul_80,Mahana,Wild,16,7,DC,
20201007,A.pulchra,A.pul_80,Mahana,Wild,17,4,DC,
20201007,A.pulchra,A.pul_80,Mahana,Wild,18,3,DC,
20201007,A.pulchra,A.pul_80,Mahana,Wild,19,4,DC,
20201007,A.pulchra,A.pul_80,Mahana,Wild,20,7,DC,
20201007,A.pulchra,A.pul_80,Mahana,Wild,21,9,DC,
20201007,A.pulchra,A.pul_80,Mahana,Wild,22,4,DC,
20201007,A.pulchra,A.pul_80,Mahana,Wild,23,7,DC,
20201007,A.pulchra,A.pul_80,Mahana,Wild,24,9,DC,
20201007,A.pulchra,A.pul_87,Mahana,Wild,1,18,DC,
20201007,A.pulchra,A.pul_87,Mahana,Wild,2,10,DC,
20201007,A.pulchra,A.pul_87,Mahana,Wild,3,9,DC,
20201007,A.pulchra,A.pul_87,Mahana,Wild,4,11,DC,
20201007,A.pulchra,A.pul_87,Mahana,Wild,5,13,DC,
20201007,A.pulchra,A.pul_87,Mahana,Wild,6,12,DC,
20201007,A.pulchra,A.pul_87,Mahana,Wild,7,11,DC,
20201007,A.pulchra,A.pul_87,Mahana,Wild,8,12,DC,
20201007,A.pulchra,A.pul_87,Mahana,Wild,9,7,DC,
20201007,A.pulchra,A.pul_87,Mahana,Wild,10,10,DC,
20201007,A.pulchra,A.pul_87,Mahana,Wild,11,10,DC,
20201007,A.pulchra,A.pul_87,Mahana,Wild,12,17,DC,
20201007,A.pulchra,A.pul_87,Mahana,Wild,13,12,DC,
20201007,A.pulchra,A.pul_87,Mahana,Wild,14,16,DC,
20201007,A.pulchra,A.pul_87,Mahana,Wild,15,7,DC,
20201007,A.pulchra,A.pul_87,Mahana,Wild,16,7,DC,
20201007,A.pulchra,A.pul_87,Mahana,Wild,17,10,DC,
20201007,A.pulchra,A.pul_87,Mahana,Wild,18,17,DC,
20201007,A.pulchra,A.pul_87,Mahana,Wild,19,12,DC,
20201007,A.pulchra,A.pul_87,Mahana,Wild,20,15,DC,
20201007,A.pulchra,A.pul_87,Mahana,Wild,21,9,DC,
20201007,A.pulchra,A.pul_87,Mahana,Wild,22,9,DC,
20201007,A.pulchra,A.pul_87,Mahana,Wild,23,14,DC,
20201007,A.pulchra,A.pul_87,Mahana,Wild,24,5,DC,
20201007,A.pulchra,A.pul_201,Mahana,Wild,1,1,DC,
20201007,A.pulchra,A.pul_201,Mahana,Wild,2,1,DC,
20201007,A.pulchra,A.pul_201,Mahana,Wild,3,2,DC,
20201007,A.pulchra,A.pul_201,Mahana,Wild,4,1,DC,
20201007,A.pulchra,A.pul_201,Mahana,Wild,5,1,DC,
20201007,A.pulchra,A.pul_201,Mahana,Wild,6,1,DC,
20201007,A.pulchra,A.pul_201,Mahana,Wild,7,1,DC,
20201007,A.pulchra,A.pul_201,Mahana,Wild,8,1,DC,
20201007,A.pulchra,A.pul_201,Mahana,Wild,9,1,DC,
20201007,A.pulchra,A.pul_201,Mahana,Wild,10,1,DC,
20201007,A.pulchra,A.pul_201,Mahana,Wild,11,1,DC,
20201007,A.pulchra,A.pul_201,Mahana,Wild,12,1,DC,
20201007,A.pulchra,A.pul_201,Mahana,Wild,13,0,DC,
20201007,A.pulchra,A.pul_201,Mahana,Wild,14,2,DC,
20201007,A.pulchra,A.pul_201,Mahana,Wild,15,1,DC,
20201007,A.pulchra,A.pul_201,Mahana,Wild,16,1,DC,
20201007,A.pulchra,A.pul_201,Mahana,Wild,17,0,DC,
20201007,A.pulchra,A.pul_201,Mahana,Wild,18,1,DC,
20201007,A.pulchra,A.pul_201,Mahana,Wild,19,4,DC,
20201007,A.pulchra,A.pul_201,Mahana,Wild,20,1,DC,
20201007,A.pulchra,A.pul_201,Mahana,Wild,21,1,DC,
20201007,A.pulchra,A.pul_201,Mahana,Wild,22,1,DC,
20201007,A.pulchra,A.pul_201,Mahana,Wild,23,1,DC,
20201007,A.pulchra,A.pul_201,Mahana,Wild,24,1,DC,
20201007,A.pulchra,A.pul_202,Mahana,Wild,1,5,DC,
20201007,A.pulchra,A.pul_202,Mahana,Wild,2,6,DC,
20201007,A.pulchra,A.pul_202,Mahana,Wild,3,6,DC,
20201007,A.pulchra,A.pul_202,Mahana,Wild,4,3,DC,
20201007,A.pulchra,A.pul_202,Mahana,Wild,5,6,DC,
20201007,A.pulchra,A.pul_202,Mahana,Wild,6,5,DC,
20201007,A.pulchra,A.pul_202,Mahana,Wild,7,7,DC,
20201007,A.pulchra,A.pul_202,Mahana,Wild,8,5,DC,
20201007,A.pulchra,A.pul_202,Mahana,Wild,9,7,DC,
20201007,A.pulchra,A.pul_202,Mahana,Wild,10,5,DC,
20201007,A.pulchra,A.pul_202,Mahana,Wild,11,6,DC,
20201007,A.pulchra,A.pul_202,Mahana,Wild,12,7,DC,
20201007,A.pulchra,A.pul_202,Mahana,Wild,13,9,DC,
20201007,A.pulchra,A.pul_202,Mahana,Wild,14,5,DC,
20201007,A.pulchra,A.pul_202,Mahana,Wild,15,6,DC,
20201007,A.pulchra,A.pul_202,Mahana,Wild,16,5,DC,
20201007,A.pulchra,A.pul_202,Mahana,Wild,17,5,DC,
20201007,A.pulchra,A.pul_202,Mahana,Wild,18,7,DC,
20201007,A.pulchra,A.pul_202,Mahana,Wild,19,9,DC,
20201007,A.pulchra,A.pul_202,Mahana,Wild,20,5,DC,
20201007,A.pulchra,A.pul_202,Mahana,Wild,21,6,DC,
20201007,A.pulchra,A.pul_202,Mahana,Wild,22,5,DC,
20201007,A.pulchra,A.pul_202,Mahana,Wild,23,5,DC,
20201007,A.pulchra,A.pul_202,Mahana,Wild,24,8,DC,
20201007,A.pulchra,A.pul_203,Mahana,Wild,1,4,DC,
20201007,A.pulchra,A.pul_203,Mahana,Wild,2,8,DC,
20201007,A.pulchra,A.pul_203,Mahana,Wild,3,5,DC,
20201007,A.pulchra,A.pul_203,Mahana,Wild,4,4,DC,
20201007,A.pulchra,A.pul_203,Mahana,Wild,5,5,DC,
20201007,A.pulchra,A.pul_203,Mahana,Wild,6,5,DC,
20201007,A.pulchra,A.pul_203,Mahana,Wild,7,12,DC,
20201007,A.pulchra,A.pul_203,Mahana,Wild,8,2,DC,
20201007,A.pulchra,A.pul_203,Mahana,Wild,9,3,DC,
20201007,A.pulchra,A.pul_203,Mahana,Wild,10,5,DC,
20201007,A.pulchra,A.pul_203,Mahana,Wild,11,4,DC,
20201007,A.pulchra,A.pul_203,Mahana,Wild,12,4,DC,
20201007,A.pulchra,A.pul_203,Mahana,Wild,13,9,DC,
20201007,A.pulchra,A.pul_203,Mahana,Wild,14,5,DC,
20201007,A.pulchra,A.pul_203,Mahana,Wild,15,3,DC,
20201007,A.pulchra,A.pul_203,Mahana,Wild,16,3,DC,
20201007,A.pulchra,A.pul_203,Mahana,Wild,17,5,DC,
20201007,A.pulchra,A.pul_203,Mahana,Wild,18,5,DC,
20201007,A.pulchra,A.pul_203,Mahana,Wild,19,5,DC,
20201007,A.pulchra,A.pul_203,Mahana,Wild,20,9,DC,
20201007,A.pulchra,A.pul_203,Mahana,Wild,21,4,DC,
20201007,A.pulchra,A.pul_203,Mahana,Wild,22,6,DC,
20201007,A.pulchra,A.pul_203,Mahana,Wild,23,5,DC,
20201007,A.pulchra,A.pul_203,Mahana,Wild,24,4,DC,
20201009,A.pulchra,A.pul_204,Mahana,Wild,1,8,DC,
20201009,A.pulchra,A.pul_204,Mahana,Wild,2,9,DC,
20201009,A.pulchra,A.pul_204,Mahana,Wild,3,7,DC,
20201009,A.pulchra,A.pul_204,Mahana,Wild,4,10,DC,
20201009,A.pulchra,A.pul_204,Mahana,Wild,5,8,DC,
20201009,A.pulchra,A.pul_204,Mahana,Wild,6,8,DC,
20201009,A.pulchra,A.pul_204,Mahana,Wild,7,9,DC,
20201009,A.pulchra,A.pul_204,Mahana,Wild,8,7,DC,
20201009,A.pulchra,A.pul_204,Mahana,Wild,9,7,DC,
20201009,A.pulchra,A.pul_204,Mahana,Wild,10,4,DC,
20201009,A.pulchra,A.pul_204,Mahana,Wild,11,10,DC,
20201009,A.pulchra,A.pul_204,Mahana,Wild,12,11,DC,
20201009,A.pulchra,A.pul_204,Mahana,Wild,13,7,DC,
20201009,A.pulchra,A.pul_204,Mahana,Wild,14,6,DC,
20201009,A.pulchra,A.pul_204,Mahana,Wild,15,9,DC,
20201009,A.pulchra,A.pul_204,Mahana,Wild,16,6,DC,
20201009,A.pulchra,A.pul_204,Mahana,Wild,17,7,DC,
20201009,A.pulchra,A.pul_204,Mahana,Wild,18,6,DC,
20201009,A.pulchra,A.pul_204,Mahana,Wild,19,8,DC,
20201009,A.pulchra,A.pul_204,Mahana,Wild,20,8,DC,
20201009,A.pulchra,A.pul_204,Mahana,Wild,21,6,DC,
20201009,A.pulchra,A.pul_204,Mahana,Wild,22,10,DC,
20201009,A.pulchra,A.pul_204,Mahana,Wild,23,8,DC,
20201009,A.pulchra,A.pul_204,Mahana,Wild,24,6,DC,
20201009,A.pulchra,A.pul_178,Manava,Outplanted,1,4,DC,
20201009,A.pulchra,A.pul_178,Manava,Outplanted,2,5,DC,
20201009,A.pulchra,A.pul_178,Manava,Outplanted,3,5,DC,
20201009,A.pulchra,A.pul_178,Manava,Outplanted,4,5,DC,
20201009,A.pulchra,A.pul_178,Manava,Outplanted,5,4,DC,
20201009,A.pulchra,A.pul_178,Manava,Outplanted,6,8,DC,
20201009,A.pulchra,A.pul_178,Manava,Outplanted,7,4,DC,
20201009,A.pulchra,A.pul_178,Manava,Outplanted,8,4,DC,
20201009,A.pulchra,A.pul_178,Manava,Outplanted,9,7,DC,
20201009,A.pulchra,A.pul_178,Manava,Outplanted,10,7,DC,
20201009,A.pulchra,A.pul_178,Manava,Outplanted,11,4,DC,
20201009,A.pulchra,A.pul_178,Manava,Outplanted,12,7,DC,
20201009,A.pulchra,A.pul_178,Manava,Outplanted,13,9,DC,
20201009,A.pulchra,A.pul_178,Manava,Outplanted,14,8,DC,
20201009,A.pulchra,A.pul_178,Manava,Outplanted,15,9,DC,
20201009,A.pulchra,A.pul_178,Manava,Outplanted,16,5,DC,
20201009,A.pulchra,A.pul_178,Manava,Outplanted,17,6,DC,
20201009,A.pulchra,A.pul_178,Manava,Outplanted,18,7,DC,
20201009,A.pulchra,A.pul_178,Manava,Outplanted,19,6,DC,
20201009,A.pulchra,A.pul_178,Manava,Outplanted,20,7,DC,
20201009,A.pulchra,A.pul_178,Manava,Outplanted,21,6,DC,
20201009,A.pulchra,A.pul_178,Manava,Outplanted,22,3,DC,
20201009,A.pulchra,A.pul_178,Manava,Outplanted,23,7,DC,
20201009,A.pulchra,A.pul_178,Manava,Outplanted,24,5,DC,
20201009,A.pulchra,A.pul_241,Mahana,Outplanted,1,8,DC,
20201009,A.pulchra,A.pul_241,Mahana,Outplanted,2,7,DC,
20201009,A.pulchra,A.pul_241,Mahana,Outplanted,3,5,DC,
20201009,A.pulchra,A.pul_241,Mahana,Outplanted,4,8,DC,
20201009,A.pulchra,A.pul_241,Mahana,Outplanted,5,7,DC,
20201009,A.pulchra,A.pul_241,Mahana,Outplanted,6,8,DC,
20201009,A.pulchra,A.pul_241,Mahana,Outplanted,7,8,DC,
20201009,A.pulchra,A.pul_241,Mahana,Outplanted,8,9,DC,
20201009,A.pulchra,A.pul_241,Mahana,Outplanted,9,5,DC,
20201009,A.pulchra,A.pul_241,Mahana,Outplanted,10,10,DC,
20201009,A.pulchra,A.pul_241,Mahana,Outplanted,11,12,DC,
20201009,A.pulchra,A.pul_241,Mahana,Outplanted,12,7,DC,
20201009,A.pulchra,A.pul_241,Mahana,Outplanted,13,6,DC,
20201009,A.pulchra,A.pul_241,Mahana,Outplanted,14,7,DC,
20201009,A.pulchra,A.pul_241,Mahana,Outplanted,15,8,DC,
20201009,A.pulchra,A.pul_241,Mahana,Outplanted,16,6,DC,
20201009,A.pulchra,A.pul_241,Mahana,Outplanted,17,11,DC,
20201009,A.pulchra,A.pul_241,Mahana,Outplanted,18,7,DC,
20201009,A.pulchra,A.pul_241,Mahana,Outplanted,19,12,DC,
20201009,A.pulchra,A.pul_241,Mahana,Outplanted,20,9,DC,
20201009,A.pulchra,A.pul_241,Mahana,Outplanted,21,8,DC,
20201009,A.pulchra,A.pul_241,Mahana,Outplanted,22,9,DC,
20201009,A.pulchra,A.pul_241,Mahana,Outplanted,23,6,DC,
20201009,A.pulchra,A.pul_241,Mahana,Outplanted,24,7,DC,
20201009,A.pulchra,A.pul_234,Mahana,Outplanted,1,7,DC,
20201009,A.pulchra,A.pul_234,Mahana,Outplanted,2,14,DC,
20201009,A.pulchra,A.pul_234,Mahana,Outplanted,3,11,DC,
20201009,A.pulchra,A.pul_234,Mahana,Outplanted,4,8,DC,
20201009,A.pulchra,A.pul_234,Mahana,Outplanted,5,9,DC,
20201009,A.pulchra,A.pul_234,Mahana,Outplanted,6,13,DC,
20201009,A.pulchra,A.pul_234,Mahana,Outplanted,7,14,DC,
20201009,A.pulchra,A.pul_234,Mahana,Outplanted,8,13,DC,
20201009,A.pulchra,A.pul_234,Mahana,Outplanted,9,13,DC,
20201009,A.pulchra,A.pul_234,Mahana,Outplanted,10,10,DC,
20201009,A.pulchra,A.pul_234,Mahana,Outplanted,11,11,DC,
20201009,A.pulchra,A.pul_234,Mahana,Outplanted,12,10,DC,
20201009,A.pulchra,A.pul_234,Mahana,Outplanted,13,10,DC,
20201009,A.pulchra,A.pul_234,Mahana,Outplanted,14,8,DC,
20201009,A.pulchra,A.pul_234,Mahana,Outplanted,15,11,DC,
20201009,A.pulchra,A.pul_234,Mahana,Outplanted,16,7,DC,
20201009,A.pulchra,A.pul_234,Mahana,Outplanted,17,8,DC,
20201009,A.pulchra,A.pul_234,Mahana,Outplanted,18,12,DC,
20201009,A.pulchra,A.pul_234,Mahana,Outplanted,19,10,DC,
20201009,A.pulchra,A.pul_234,Mahana,Outplanted,20,11,DC,
20201009,A.pulchra,A.pul_234,Mahana,Outplanted,21,13,DC,
20201009,A.pulchra,A.pul_234,Mahana,Outplanted,22,15,DC,
20201009,A.pulchra,A.pul_234,Mahana,Outplanted,23,15,DC,
20201009,A.pulchra,A.pul_234,Mahana,Outplanted,24,11,DC,
20201009,A.pulchra,A.pul_66,Linareva,Wild,1,12,DC,
20201009,A.pulchra,A.pul_66,Linareva,Wild,2,6,DC,
20201009,A.pulchra,A.pul_66,Linareva,Wild,3,5,DC,
20201009,A.pulchra,A.pul_66,Linareva,Wild,4,7,DC,
20201009,A.pulchra,A.pul_66,Linareva,Wild,5,5,DC,
20201009,A.pulchra,A.pul_66,Linareva,Wild,6,4,DC,
20201009,A.pulchra,A.pul_66,Linareva,Wild,7,11,DC,
20201009,A.pulchra,A.pul_66,Linareva,Wild,8,7,DC,
20201009,A.pulchra,A.pul_66,Linareva,Wild,9,12,DC,
20201009,A.pulchra,A.pul_66,Linareva,Wild,10,10,DC,
20201009,A.pulchra,A.pul_66,Linareva,Wild,11,6,DC,
20201009,A.pulchra,A.pul_66,Linareva,Wild,12,11,DC,
20201009,A.pulchra,A.pul_66,Linareva,Wild,13,9,DC,
20201009,A.pulchra,A.pul_66,Linareva,Wild,14,9,DC,
20201009,A.pulchra,A.pul_66,Linareva,Wild,15,11,DC,
20201009,A.pulchra,A.pul_66,Linareva,Wild,16,10,DC,
20201009,A.pulchra,A.pul_66,Linareva,Wild,17,11,DC,
20201009,A.pulchra,A.pul_66,Linareva,Wild,18,7,DC,
20201009,A.pulchra,A.pul_66,Linareva,Wild,19,10,DC,
20201009,A.pulchra,A.pul_66,Linareva,Wild,20,9,DC,
20201009,A.pulchra,A.pul_66,Linareva,Wild,21,9,DC,
20201009,A.pulchra,A.pul_66,Linareva,Wild,22,13,DC,
20201009,A.pulchra,A.pul_66,Linareva,Wild,23,7,DC,
20201009,A.pulchra,A.pul_66,Linareva,Wild,24,5,DC,
20201009,A.pulchra,A.pul_208,Mahana,Wild,1,5,DC,
20201009,A.pulchra,A.pul_208,Mahana,Wild,2,9,DC,
20201009,A.pulchra,A.pul_208,Mahana,Wild,3,6,DC,
20201009,A.pulchra,A.pul_208,Mahana,Wild,4,5,DC,
20201009,A.pulchra,A.pul_208,Mahana,Wild,5,3,DC,
20201009,A.pulchra,A.pul_208,Mahana,Wild,6,6,DC,
20201009,A.pulchra,A.pul_208,Mahana,Wild,7,16,DC,
20201009,A.pulchra,A.pul_208,Mahana,Wild,8,5,DC,
20201009,A.pulchra,A.pul_208,Mahana,Wild,9,5,DC,
20201009,A.pulchra,A.pul_208,Mahana,Wild,10,7,DC,
20201009,A.pulchra,A.pul_208,Mahana,Wild,11,9,DC,
20201009,A.pulchra,A.pul_208,Mahana,Wild,12,15,DC,
20201009,A.pulchra,A.pul_208,Mahana,Wild,13,9,DC,
20201009,A.pulchra,A.pul_208,Mahana,Wild,14,13,DC,
20201009,A.pulchra,A.pul_208,Mahana,Wild,15,23,DC,
20201009,A.pulchra,A.pul_208,Mahana,Wild,16,5,DC,
20201009,A.pulchra,A.pul_208,Mahana,Wild,17,7,DC,
20201009,A.pulchra,A.pul_208,Mahana,Wild,18,16,DC,
20201009,A.pulchra,A.pul_208,Mahana,Wild,19,9,DC,
20201009,A.pulchra,A.pul_208,Mahana,Wild,20,24,DC,
20201009,A.pulchra,A.pul_208,Mahana,Wild,21,10,DC,
20201009,A.pulchra,A.pul_208,Mahana,Wild,22,9,DC,
20201009,A.pulchra,A.pul_208,Mahana,Wild,23,10,DC,
20201009,A.pulchra,A.pul_208,Mahana,Wild,24,11,DC,
20201009,A.pulchra,A.pul_76,Mahana,Wild,1,5,DC,
20201009,A.pulchra,A.pul_76,Mahana,Wild,2,2,DC,
20201009,A.pulchra,A.pul_76,Mahana,Wild,3,6,DC,
20201009,A.pulchra,A.pul_76,Mahana,Wild,4,8,DC,
20201009,A.pulchra,A.pul_76,Mahana,Wild,5,4,DC,
20201009,A.pulchra,A.pul_76,Mahana,Wild,6,4,DC,
20201009,A.pulchra,A.pul_76,Mahana,Wild,7,8,DC,
20201009,A.pulchra,A.pul_76,Mahana,Wild,8,6,DC,
20201009,A.pulchra,A.pul_76,Mahana,Wild,9,9,DC,
20201009,A.pulchra,A.pul_76,Mahana,Wild,10,4,DC,
20201009,A.pulchra,A.pul_76,Mahana,Wild,11,4,DC,
20201009,A.pulchra,A.pul_76,Mahana,Wild,12,5,DC,
20201009,A.pulchra,A.pul_76,Mahana,Wild,13,6,DC,
20201009,A.pulchra,A.pul_76,Mahana,Wild,14,8,DC,
20201009,A.pulchra,A.pul_76,Mahana,Wild,15,8,DC,
20201009,A.pulchra,A.pul_76,Mahana,Wild,16,6,DC,
20201009,A.pulchra,A.pul_76,Mahana,Wild,17,5,DC,
20201009,A.pulchra,A.pul_76,Mahana,Wild,18,6,DC,
20201009,A.pulchra,A.pul_76,Mahana,Wild,19,6,DC,
20201009,A.pulchra,A.pul_76,Mahana,Wild,20,5,DC,
20201009,A.pulchra,A.pul_76,Mahana,Wild,21,6,DC,
20201009,A.pulchra,A.pul_76,Mahana,Wild,22,6,DC,
20201009,A.pulchra,A.pul_76,Mahana,Wild,23,7,DC,
20201009,A.pulchra,A.pul_76,Mahana,Wild,24,5,DC,
20201009,A.pulchra,A.pul_73,Linareva,Wild,1,7,DC,
20201009,A.pulchra,A.pul_73,Linareva,Wild,2,13,DC,
20201009,A.pulchra,A.pul_73,Linareva,Wild,3,9,DC,
20201009,A.pulchra,A.pul_73,Linareva,Wild,4,13,DC,
20201009,A.pulchra,A.pul_73,Linareva,Wild,5,9,DC,
20201009,A.pulchra,A.pul_73,Linareva,Wild,6,9,DC,
20201009,A.pulchra,A.pul_73,Linareva,Wild,7,9,DC,
20201009,A.pulchra,A.pul_73,Linareva,Wild,8,15,DC,
20201009,A.pulchra,A.pul_73,Linareva,Wild,9,10,DC,
20201009,A.pulchra,A.pul_73,Linareva,Wild,10,7,DC,
20201009,A.pulchra,A.pul_73,Linareva,Wild,11,9,DC,
20201009,A.pulchra,A.pul_73,Linareva,Wild,12,14,DC,
20201009,A.pulchra,A.pul_73,Linareva,Wild,13,7,DC,
20201009,A.pulchra,A.pul_73,Linareva,Wild,14,11,DC,
20201009,A.pulchra,A.pul_73,Linareva,Wild,15,6,DC,
20201009,A.pulchra,A.pul_73,Linareva,Wild,16,9,DC,
20201009,A.pulchra,A.pul_73,Linareva,Wild,17,10,DC,
20201009,A.pulchra,A.pul_73,Linareva,Wild,18,6,DC,
20201009,A.pulchra,A.pul_73,Linareva,Wild,19,12,DC,
20201009,A.pulchra,A.pul_73,Linareva,Wild,20,7,DC,
20201009,A.pulchra,A.pul_73,Linareva,Wild,21,6,DC,
20201009,A.pulchra,A.pul_73,Linareva,Wild,22,10,DC,
20201009,A.pulchra,A.pul_73,Linareva,Wild,23,7,DC,
20201009,A.pulchra,A.pul_73,Linareva,Wild,24,4,DC,
20201009,A.pulchra,A.pul_173,Manava,Outplanted,1,4,DC,
20201009,A.pulchra,A.pul_173,Manava,Outplanted,2,5,DC,
20201009,A.pulchra,A.pul_173,Manava,Outplanted,3,5,DC,
20201009,A.pulchra,A.pul_173,Manava,Outplanted,4,5,DC,
20201009,A.pulchra,A.pul_173,Manava,Outplanted,5,6,DC,
20201009,A.pulchra,A.pul_173,Manava,Outplanted,6,5,DC,
20201009,A.pulchra,A.pul_173,Manava,Outplanted,7,6,DC,
20201009,A.pulchra,A.pul_173,Manava,Outplanted,8,4,DC,
20201009,A.pulchra,A.pul_173,Manava,Outplanted,9,9,DC,
20201009,A.pulchra,A.pul_173,Manava,Outplanted,10,3,DC,
20201009,A.pulchra,A.pul_173,Manava,Outplanted,11,4,DC,
20201009,A.pulchra,A.pul_173,Manava,Outplanted,12,5,DC,
20201009,A.pulchra,A.pul_173,Manava,Outplanted,13,5,DC,
20201009,A.pulchra,A.pul_173,Manava,Outplanted,14,3,DC,
20201009,A.pulchra,A.pul_173,Manava,Outplanted,15,6,DC,
20201009,A.pulchra,A.pul_173,Manava,Outplanted,16,3,DC,
20201009,A.pulchra,A.pul_173,Manava,Outplanted,17,6,DC,
20201009,A.pulchra,A.pul_173,Manava,Outplanted,18,4,DC,
20201009,A.pulchra,A.pul_173,Manava,Outplanted,19,6,DC,
20201009,A.pulchra,A.pul_173,Manava,Outplanted,20,5,DC,
20201009,A.pulchra,A.pul_173,Manava,Outplanted,21,6,DC,
20201009,A.pulchra,A.pul_173,Manava,Outplanted,22,4,DC,
20201009,A.pulchra,A.pul_173,Manava,Outplanted,23,4,DC,
20201009,A.pulchra,A.pul_173,Manava,Outplanted,24,5,DC,
20201009,A.cyatherea,A.cya_20,Linareva,Wild,1,6,DC,
20201009,A.cyatherea,A.cya_20,Linareva,Wild,2,7,DC,
20201009,A.cyatherea,A.cya_20,Linareva,Wild,3,9,DC,
20201009,A.cyatherea,A.cya_20,Linareva,Wild,4,8,DC,
20201009,A.cyatherea,A.cya_20,Linareva,Wild,5,5,DC,
20201009,A.cyatherea,A.cya_20,Linareva,Wild,6,9,DC,
20201009,A.cyatherea,A.cya_20,Linareva,Wild,7,7,DC,
20201009,A.cyatherea,A.cya_20,Linareva,Wild,8,4,DC,
20201009,A.cyatherea,A.cya_20,Linareva,Wild,9,7,DC,
20201009,A.cyatherea,A.cya_20,Linareva,Wild,10,4,DC,
20201009,A.cyatherea,A.cya_20,Linareva,Wild,11,6,DC,
20201009,A.cyatherea,A.cya_20,Linareva,Wild,12,6,DC,
20201009,A.cyatherea,A.cya_20,Linareva,Wild,13,2,DC,
20201009,A.cyatherea,A.cya_20,Linareva,Wild,14,4,DC,
20201009,A.cyatherea,A.cya_20,Linareva,Wild,15,7,DC,
20201009,A.cyatherea,A.cya_20,Linareva,Wild,16,4,DC,
20201009,A.cyatherea,A.cya_20,Linareva,Wild,17,6,DC,
20201009,A.cyatherea,A.cya_20,Linareva,Wild,18,10,DC,
20201009,A.cyatherea,A.cya_20,Linareva,Wild,19,9,DC,
20201009,A.cyatherea,A.cya_20,Linareva,Wild,20,5,DC,
20201009,A.cyatherea,A.cya_20,Linareva,Wild,21,5,DC,
20201009,A.cyatherea,A.cya_20,Linareva,Wild,22,3,DC,
20201009,A.cyatherea,A.cya_20,Linareva,Wild,23,5,DC,
20201009,A.cyatherea,A.cya_20,Linareva,Wild,24,7,DC,
20201010,A.cyatherea,A.cya_7_2.6,Nursery,Nursery,1,5,CL,
20201010,A.cyatherea,A.cya_7_2.6,Nursery,Nursery,2,5,CL,
20201010,A.cyatherea,A.cya_7_2.6,Nursery,Nursery,3,5,CL,
20201010,A.cyatherea,A.cya_7_2.6,Nursery,Nursery,4,6,CL,
20201010,A.cyatherea,A.cya_7_2.6,Nursery,Nursery,5,3,CL,
20201010,A.cyatherea,A.cya_7_2.6,Nursery,Nursery,6,4,CL,
20201010,A.cyatherea,A.cya_7_2.6,Nursery,Nursery,7,5,CL,
20201010,A.cyatherea,A.cya_7_2.6,Nursery,Nursery,8,6,CL,
20201010,A.cyatherea,A.cya_7_2.6,Nursery,Nursery,9,3,CL,
20201010,A.cyatherea,A.cya_7_2.6,Nursery,Nursery,10,6,CL,
20201010,A.cyatherea,A.cya_7_2.6,Nursery,Nursery,11,5,CL,
20201010,A.cyatherea,A.cya_7_2.6,Nursery,Nursery,12,6,CL,
20201010,A.cyatherea,A.cya_7_2.6,Nursery,Nursery,13,5,CL,
20201010,A.cyatherea,A.cya_7_2.6,Nursery,Nursery,14,6,CL,
20201010,A.cyatherea,A.cya_7_2.6,Nursery,Nursery,15,6,CL,
20201010,A.cyatherea,A.cya_7_2.6,Nursery,Nursery,16,4,CL,
20201010,A.cyatherea,A.cya_7_2.6,Nursery,Nursery,17,6,CL,
20201010,A.cyatherea,A.cya_7_2.6,Nursery,Nursery,18,5,CL,
20201010,A.cyatherea,A.cya_7_2.6,Nursery,Nursery,19,6,CL,
20201010,A.cyatherea,A.cya_7_2.6,Nursery,Nursery,20,7,CL,
20201010,A.cyatherea,A.cya_7_2.6,Nursery,Nursery,21,7,CL,
20201010,A.cyatherea,A.cya_7_2.6,Nursery,Nursery,22,4,CL,
20201010,A.cyatherea,A.cya_7_2.6,Nursery,Nursery,23,5,CL,
20201010,A.cyatherea,A.cya_7_2.6,Nursery,Nursery,24,5,CL,
20201010,A.cyatherea,A.cya_7_3.1,Nursery,Nursery,1,8,CL,
20201010,A.cyatherea,A.cya_7_3.1,Nursery,Nursery,2,5,CL,
20201010,A.cyatherea,A.cya_7_3.1,Nursery,Nursery,3,6,CL,
20201010,A.cyatherea,A.cya_7_3.1,Nursery,Nursery,4,6,CL,
20201010,A.cyatherea,A.cya_7_3.1,Nursery,Nursery,5,7,CL,
20201010,A.cyatherea,A.cya_7_3.1,Nursery,Nursery,6,8,CL,
20201010,A.cyatherea,A.cya_7_3.1,Nursery,Nursery,7,6,CL,
20201010,A.cyatherea,A.cya_7_3.1,Nursery,Nursery,8,6,CL,
20201010,A.cyatherea,A.cya_7_3.1,Nursery,Nursery,9,7,CL,
20201010,A.cyatherea,A.cya_7_3.1,Nursery,Nursery,10,7,CL,
20201010,A.cyatherea,A.cya_7_3.1,Nursery,Nursery,11,7,CL,
20201010,A.cyatherea,A.cya_7_3.1,Nursery,Nursery,12,5,CL,
20201010,A.cyatherea,A.cya_7_3.1,Nursery,Nursery,13,7,CL,
20201010,A.cyatherea,A.cya_7_3.1,Nursery,Nursery,14,7,CL,
20201010,A.cyatherea,A.cya_7_3.1,Nursery,Nursery,15,7,CL,
20201010,A.cyatherea,A.cya_7_3.1,Nursery,Nursery,16,4,CL,
20201010,A.cyatherea,A.cya_7_3.1,Nursery,Nursery,17,8,CL,
20201010,A.cyatherea,A.cya_7_3.1,Nursery,Nursery,18,8,CL,
20201010,A.cyatherea,A.cya_7_3.1,Nursery,Nursery,19,6,CL,
20201010,A.cyatherea,A.cya_7_3.1,Nursery,Nursery,20,7,CL,
20201010,A.cyatherea,A.cya_7_3.1,Nursery,Nursery,21,7,CL,
20201010,A.cyatherea,A.cya_7_3.1,Nursery,Nursery,22,6,CL,
20201010,A.cyatherea,A.cya_7_3.1,Nursery,Nursery,23,6,CL,
20201010,A.cyatherea,A.cya_7_3.1,Nursery,Nursery,24,7,CL,
20201011,A.cyatherea,A.cya_7_2.6,Nursery,Nursery,1,6,CL,
20201011,A.cyatherea,A.cya_7_2.6,Nursery,Nursery,2,5,CL,
20201011,A.cyatherea,A.cya_7_2.6,Nursery,Nursery,3,6,CL,
20201011,A.cyatherea,A.cya_7_2.6,Nursery,Nursery,4,2,CL,
20201011,A.cyatherea,A.cya_7_2.6,Nursery,Nursery,5,5,CL,
20201011,A.cyatherea,A.cya_7_2.6,Nursery,Nursery,6,4,CL,
20201011,A.cyatherea,A.cya_7_2.6,Nursery,Nursery,7,8,CL,
20201011,A.cyatherea,A.cya_7_2.6,Nursery,Nursery,8,6,CL,
20201011,A.cyatherea,A.cya_7_2.6,Nursery,Nursery,9,3,CL,
20201011,A.cyatherea,A.cya_7_2.6,Nursery,Nursery,10,5,CL,
20201011,A.cyatherea,A.cya_7_2.6,Nursery,Nursery,11,7,CL,
20201011,A.cyatherea,A.cya_7_2.6,Nursery,Nursery,12,6,CL,
20201011,A.cyatherea,A.cya_7_2.6,Nursery,Nursery,13,4,CL,
20201011,A.cyatherea,A.cya_7_2.6,Nursery,Nursery,14,4,CL,
20201011,A.cyatherea,A.cya_7_2.6,Nursery,Nursery,15,5,CL,
20201011,A.cyatherea,A.cya_7_2.6,Nursery,Nursery,16,5,CL,
20201011,A.cyatherea,A.cya_7_2.6,Nursery,Nursery,17,7,CL,
20201011,A.cyatherea,A.cya_7_2.6,Nursery,Nursery,18,8,CL,
20201011,A.cyatherea,A.cya_7_2.6,Nursery,Nursery,19,7,CL,
20201011,A.cyatherea,A.cya_7_2.6,Nursery,Nursery,20,6,CL,
20201011,A.cyatherea,A.cya_7_2.6,Nursery,Nursery,21,4,CL,
20201011,A.cyatherea,A.cya_7_2.6,Nursery,Nursery,22,8,CL,
20201011,A.cyatherea,A.cya_7_2.6,Nursery,Nursery,23,9,CL,
20201011,A.cyatherea,A.cya_7_2.6,Nursery,Nursery,24,4,CL,
20201011,A.cyatherea,A.cya_7_3.1,Nursery,Nursery,1,3,CL,
20201011,A.cyatherea,A.cya_7_3.1,Nursery,Nursery,2,5,CL,
20201011,A.cyatherea,A.cya_7_3.1,Nursery,Nursery,3,5,CL,
20201011,A.cyatherea,A.cya_7_3.1,Nursery,Nursery,4,3,CL,
20201011,A.cyatherea,A.cya_7_3.1,Nursery,Nursery,5,3,CL,
20201011,A.cyatherea,A.cya_7_3.1,Nursery,Nursery,6,5,CL,
20201011,A.cyatherea,A.cya_7_3.1,Nursery,Nursery,7,6,CL,
20201011,A.cyatherea,A.cya_7_3.1,Nursery,Nursery,8,6,CL,
20201011,A.cyatherea,A.cya_7_3.1,Nursery,Nursery,9,3,CL,
20201011,A.cyatherea,A.cya_7_3.1,Nursery,Nursery,10,4,CL,
20201011,A.cyatherea,A.cya_7_3.1,Nursery,Nursery,11,6,CL,
20201011,A.cyatherea,A.cya_7_3.1,Nursery,Nursery,12,5,CL,
20201011,A.cyatherea,A.cya_7_3.1,Nursery,Nursery,13,6,CL,
20201011,A.cyatherea,A.cya_7_3.1,Nursery,Nursery,14,4,CL,
20201011,A.cyatherea,A.cya_7_3.1,Nursery,Nursery,15,5,CL,
20201011,A.cyatherea,A.cya_7_3.1,Nursery,Nursery,16,5,CL,
20201011,A.cyatherea,A.cya_7_3.1,Nursery,Nursery,17,4,CL,
20201011,A.cyatherea,A.cya_7_3.1,Nursery,Nursery,18,4,CL,
20201011,A.cyatherea,A.cya_7_3.1,Nursery,Nursery,19,4,CL,
20201011,A.cyatherea,A.cya_7_3.1,Nursery,Nursery,20,4,CL,
20201011,A.cyatherea,A.cya_7_3.1,Nursery,Nursery,21,5,CL,
20201011,A.cyatherea,A.cya_7_3.1,Nursery,Nursery,22,4,CL,
20201011,A.cyatherea,A.cya_7_3.1,Nursery,Nursery,23,3,CL,
20201011,A.cyatherea,A.cya_7_3.1,Nursery,Nursery,24,4,CL,
20201011,A.cyatherea,A.cya_9_3.4,Nursery,Nursery,1,10,CL,
20201011,A.cyatherea,A.cya_9_3.4,Nursery,Nursery,2,6,CL,
20201011,A.cyatherea,A.cya_9_3.4,Nursery,Nursery,3,6,CL,
20201011,A.cyatherea,A.cya_9_3.4,Nursery,Nursery,4,7,CL,
20201011,A.cyatherea,A.cya_9_3.4,Nursery,Nursery,5,7,CL,
20201011,A.cyatherea,A.cya_9_3.4,Nursery,Nursery,6,4,CL,
20201011,A.cyatherea,A.cya_9_3.4,Nursery,Nursery,7,7,CL,
20201011,A.cyatherea,A.cya_9_3.4,Nursery,Nursery,8,10,CL,
20201011,A.cyatherea,A.cya_9_3.4,Nursery,Nursery,9,6,CL,
20201011,A.cyatherea,A.cya_9_3.4,Nursery,Nursery,10,7,CL,
20201011,A.cyatherea,A.cya_9_3.4,Nursery,Nursery,11,9,CL,
20201011,A.cyatherea,A.cya_9_3.4,Nursery,Nursery,12,12,CL,
20201011,A.cyatherea,A.cya_9_3.4,Nursery,Nursery,13,7,CL,
20201011,A.cyatherea,A.cya_9_3.4,Nursery,Nursery,14,6,CL,
20201011,A.cyatherea,A.cya_9_3.4,Nursery,Nursery,15,7,CL,
20201011,A.cyatherea,A.cya_9_3.4,Nursery,Nursery,16,5,CL,
20201011,A.cyatherea,A.cya_9_3.4,Nursery,Nursery,17,6,CL,
20201011,A.cyatherea,A.cya_9_3.4,Nursery,Nursery,18,5,CL,
20201011,A.cyatherea,A.cya_9_3.4,Nursery,Nursery,19,8,CL,
20201011,A.cyatherea,A.cya_9_3.4,Nursery,Nursery,20,6,CL,
20201011,A.cyatherea,A.cya_9_3.4,Nursery,Nursery,21,3,CL,
20201011,A.cyatherea,A.cya_9_3.4,Nursery,Nursery,22,13,CL,
20201011,A.cyatherea,A.cya_9_3.4,Nursery,Nursery,23,6,CL,
20201011,A.cyatherea,A.cya_9_3.4,Nursery,Nursery,24,9,CL,
20201011,A.cyatherea,A.cya_3_4.1,Nursery,Nursery,1,5,CL,
20201011,A.cyatherea,A.cya_3_4.1,Nursery,Nursery,2,10,CL,
20201011,A.cyatherea,A.cya_3_4.1,Nursery,Nursery,3,9,CL,
20201011,A.cyatherea,A.cya_3_4.1,Nursery,Nursery,4,7,CL,
20201011,A.cyatherea,A.cya_3_4.1,Nursery,Nursery,5,5,CL,
20201011,A.cyatherea,A.cya_3_4.1,Nursery,Nursery,6,10,CL,
20201011,A.cyatherea,A.cya_3_4.1,Nursery,Nursery,7,12,CL,
20201011,A.cyatherea,A.cya_3_4.1,Nursery,Nursery,8,11,CL,
20201011,A.cyatherea,A.cya_3_4.1,Nursery,Nursery,9,11,CL,
20201011,A.cyatherea,A.cya_3_4.1,Nursery,Nursery,10,11,CL,
20201011,A.cyatherea,A.cya_3_4.1,Nursery,Nursery,11,4,CL,
20201011,A.cyatherea,A.cya_3_4.1,Nursery,Nursery,12,11,CL,
20201011,A.cyatherea,A.cya_3_4.1,Nursery,Nursery,13,5,CL,
20201011,A.cyatherea,A.cya_3_4.1,Nursery,Nursery,14,7,CL,
20201011,A.cyatherea,A.cya_3_4.1,Nursery,Nursery,15,5,CL,
20201011,A.cyatherea,A.cya_3_4.1,Nursery,Nursery,16,11,CL,
20201011,A.cyatherea,A.cya_3_4.1,Nursery,Nursery,17,10,CL,
20201011,A.cyatherea,A.cya_3_4.1,Nursery,Nursery,18,10,CL,
20201011,A.cyatherea,A.cya_3_4.1,Nursery,Nursery,19,11,CL,
20201011,A.cyatherea,A.cya_3_4.1,Nursery,Nursery,20,10,CL,
20201011,A.cyatherea,A.cya_3_4.1,Nursery,Nursery,21,9,CL,
20201011,A.cyatherea,A.cya_3_4.1,Nursery,Nursery,22,10,CL,
20201011,A.cyatherea,A.cya_3_4.1,Nursery,Nursery,23,9,CL,
20201011,A.cyatherea,A.cya_3_4.1,Nursery,Nursery,24,11,CL,
20201011,A.pulchra,Apul_4,Nursery,Nursery,1,8,CL,
20201011,A.pulchra,Apul_4,Nursery,Nursery,2,4,CL,
20201011,A.pulchra,Apul_4,Nursery,Nursery,3,3,CL,
20201011,A.pulchra,Apul_4,Nursery,Nursery,4,5,CL,
20201011,A.pulchra,Apul_4,Nursery,Nursery,5,6,CL,
20201011,A.pulchra,Apul_4,Nursery,Nursery,6,5,CL,
20201011,A.pulchra,Apul_4,Nursery,Nursery,7,4,CL,
20201011,A.pulchra,Apul_4,Nursery,Nursery,8,3,CL,
20201011,A.pulchra,Apul_4,Nursery,Nursery,9,NA,CL,Missing a bundle
20201011,A.pulchra,Apul_4,Nursery,Nursery,10,3,CL,
20201011,A.pulchra,Apul_4,Nursery,Nursery,11,4,CL,
20201011,A.pulchra,Apul_4,Nursery,Nursery,12,6,CL,
20201011,A.pulchra,Apul_4,Nursery,Nursery,13,5,CL,
20201011,A.pulchra,Apul_4,Nursery,Nursery,14,NA,CL,Missing a bundle
20201011,A.pulchra,Apul_4,Nursery,Nursery,15,NA,CL,Missing a bundle
20201011,A.pulchra,Apul_4,Nursery,Nursery,16,3,CL,
20201011,A.pulchra,Apul_4,Nursery,Nursery,17,3,CL,
20201011,A.pulchra,Apul_4,Nursery,Nursery,18,7,CL,
20201011,A.pulchra,Apul_4,Nursery,Nursery,19,5,CL,
20201011,A.pulchra,Apul_4,Nursery,Nursery,20,5,CL,
20201011,A.pulchra,Apul_4,Nursery,Nursery,21,5,CL,
20201011,A.pulchra,Apul_4,Nursery,Nursery,22,8,CL,
20201011,A.pulchra,Apul_4,Nursery,Nursery,23,6,CL,
20201011,A.pulchra,Apul_4,Nursery,Nursery,24,5,CL,
20201011,A.pulchra,Apul_9,Nursery,Nursery,1,4,CL,
20201011,A.pulchra,Apul_9,Nursery,Nursery,2,3,CL,
20201011,A.pulchra,Apul_9,Nursery,Nursery,3,6,CL,
20201011,A.pulchra,Apul_9,Nursery,Nursery,4,4,CL,
20201011,A.pulchra,Apul_9,Nursery,Nursery,5,9,CL,
20201011,A.pulchra,Apul_9,Nursery,Nursery,6,4,CL,
20201011,A.pulchra,Apul_9,Nursery,Nursery,7,5,CL,
20201011,A.pulchra,Apul_9,Nursery,Nursery,8,5,CL,
20201011,A.pulchra,Apul_9,Nursery,Nursery,9,8,CL,
20201011,A.pulchra,Apul_9,Nursery,Nursery,10,7,CL,
20201011,A.pulchra,Apul_9,Nursery,Nursery,11,1,CL,
20201011,A.pulchra,Apul_9,Nursery,Nursery,12,5,CL,
20201011,A.pulchra,Apul_9,Nursery,Nursery,13,9,CL,
20201011,A.pulchra,Apul_9,Nursery,Nursery,14,6,CL,
20201011,A.pulchra,Apul_9,Nursery,Nursery,15,7,CL,
20201011,A.pulchra,Apul_9,Nursery,Nursery,16,5,CL,
20201011,A.pulchra,Apul_9,Nursery,Nursery,17,4,CL,
20201011,A.pulchra,Apul_9,Nursery,Nursery,18,NA,CL,Missing a bundle
20201011,A.pulchra,Apul_9,Nursery,Nursery,19,3,CL,
20201011,A.pulchra,Apul_9,Nursery,Nursery,20,6,CL,
20201011,A.pulchra,Apul_9,Nursery,Nursery,21,5,CL,
20201011,A.pulchra,Apul_9,Nursery,Nursery,22,6,CL,
20201011,A.pulchra,Apul_9,Nursery,Nursery,23,6,CL,
20201011,A.pulchra,Apul_9,Nursery,Nursery,24,6,CL,
20201011,A.pulchra,Apul_201,Mahana,Wild,1,7,CL,
20201011,A.pulchra,Apul_201,Mahana,Wild,2,6,CL,
20201011,A.pulchra,Apul_201,Mahana,Wild,3,8,CL,
20201011,A.pulchra,Apul_201,Mahana,Wild,4,6,CL,
20201011,A.pulchra,Apul_201,Mahana,Wild,5,6,CL,
20201011,A.pulchra,Apul_201,Mahana,Wild,6,7,CL,
20201011,A.pulchra,Apul_201,Mahana,Wild,7,4,CL,
20201011,A.pulchra,Apul_201,Mahana,Wild,8,4,CL,
20201011,A.pulchra,Apul_201,Mahana,Wild,9,5,CL,
20201011,A.pulchra,Apul_201,Mahana,Wild,10,5,CL,
20201011,A.pulchra,Apul_201,Mahana,Wild,11,16,CL,
20201011,A.pulchra,Apul_201,Mahana,Wild,12,6,CL,
20201011,A.pulchra,Apul_201,Mahana,Wild,13,5,CL,
20201011,A.pulchra,Apul_201,Mahana,Wild,14,8,CL,
20201011,A.pulchra,Apul_201,Mahana,Wild,15,8,CL,
20201011,A.pulchra,Apul_201,Mahana,Wild,16,7,CL,
20201011,A.pulchra,Apul_201,Mahana,Wild,17,7,CL,
20201011,A.pulchra,Apul_201,Mahana,Wild,18,7,CL,
20201011,A.pulchra,Apul_201,Mahana,Wild,19,6,CL,
20201011,A.pulchra,Apul_201,Mahana,Wild,20,7,CL,
20201011,A.pulchra,Apul_201,Mahana,Wild,21,6,CL,
20201011,A.pulchra,Apul_201,Mahana,Wild,22,6,CL,
20201011,A.pulchra,Apul_201,Mahana,Wild,23,6,CL,
20201011,A.pulchra,Apul_201,Mahana,Wild,24,6,CL,
20201011,A.pulchra,Apul_185,Manava,Outplanted,1,6,CL,
20201011,A.pulchra,Apul_185,Manava,Outplanted,2,11,CL,
20201011,A.pulchra,Apul_185,Manava,Outplanted,3,6,CL,
20201011,A.pulchra,Apul_185,Manava,Outplanted,4,8,CL,
20201011,A.pulchra,Apul_185,Manava,Outplanted,5,13,CL,
20201011,A.pulchra,Apul_185,Manava,Outplanted,6,9,CL,
20201011,A.pulchra,Apul_185,Manava,Outplanted,7,10,CL,
20201011,A.pulchra,Apul_185,Manava,Outplanted,8,8,CL,
20201011,A.pulchra,Apul_185,Manava,Outplanted,9,7,CL,
20201011,A.pulchra,Apul_185,Manava,Outplanted,10,7,CL,
20201011,A.pulchra,Apul_185,Manava,Outplanted,11,11,CL,
20201011,A.pulchra,Apul_185,Manava,Outplanted,12,9,CL,
20201011,A.pulchra,Apul_185,Manava,Outplanted,13,5,CL,
20201011,A.pulchra,Apul_185,Manava,Outplanted,14,6,CL,
20201011,A.pulchra,Apul_185,Manava,Outplanted,15,12,CL,
20201011,A.pulchra,Apul_185,Manava,Outplanted,16,8,CL,
20201011,A.pulchra,Apul_185,Manava,Outplanted,17,6,CL,
20201011,A.pulchra,Apul_185,Manava,Outplanted,18,9,CL,
20201011,A.pulchra,Apul_185,Manava,Outplanted,19,6,CL,
20201011,A.pulchra,Apul_185,Manava,Outplanted,20,11,CL,
20201011,A.pulchra,Apul_185,Manava,Outplanted,21,6,CL,
20201011,A.pulchra,Apul_185,Manava,Outplanted,22,6,CL,
20201011,A.pulchra,Apul_185,Manava,Outplanted,23,12,CL,
20201011,A.pulchra,Apul_185,Manava,Outplanted,24,6,CL,
20201011,A.pulchra,Apul_14_4.2,Nursery,Nursery,1,7,CL,
20201011,A.pulchra,Apul_14_4.2,Nursery,Nursery,2,11,CL,
20201011,A.pulchra,Apul_14_4.2,Nursery,Nursery,3,7,CL,
20201011,A.pulchra,Apul_14_4.2,Nursery,Nursery,4,8,CL,
20201011,A.pulchra,Apul_14_4.2,Nursery,Nursery,5,9,CL,
20201011,A.pulchra,Apul_14_4.2,Nursery,Nursery,6,7,CL,
20201011,A.pulchra,Apul_14_4.2,Nursery,Nursery,7,6,CL,
20201011,A.pulchra,Apul_14_4.2,Nursery,Nursery,8,9,CL,
20201011,A.pulchra,Apul_14_4.2,Nursery,Nursery,9,7,CL,
20201011,A.pulchra,Apul_14_4.2,Nursery,Nursery,10,10,CL,
20201011,A.pulchra,Apul_14_4.2,Nursery,Nursery,11,11,CL,
20201011,A.pulchra,Apul_14_4.2,Nursery,Nursery,12,7,CL,
20201011,A.pulchra,Apul_14_4.2,Nursery,Nursery,13,10,CL,
20201011,A.pulchra,Apul_14_4.2,Nursery,Nursery,14,7,CL,
20201011,A.pulchra,Apul_14_4.2,Nursery,Nursery,15,7,CL,
20201011,A.pulchra,Apul_14_4.2,Nursery,Nursery,16,8,CL,
20201011,A.pulchra,Apul_14_4.2,Nursery,Nursery,17,8,CL,
20201011,A.pulchra,Apul_14_4.2,Nursery,Nursery,18,13,CL,
20201011,A.pulchra,Apul_14_4.2,Nursery,Nursery,19,7,CL,
20201011,A.pulchra,Apul_14_4.2,Nursery,Nursery,20,9,CL,
20201011,A.pulchra,Apul_14_4.2,Nursery,Nursery,21,6,CL,
20201011,A.pulchra,Apul_14_4.2,Nursery,Nursery,22,4,CL,
20201011,A.pulchra,Apul_14_4.2,Nursery,Nursery,23,5,CL,
20201011,A.pulchra,Apul_14_4.2,Nursery,Nursery,24,4,CL,
20201011,A.cyatherea,Acya_20_C5,Nursery,Nursery,1,5,CL,
20201011,A.cyatherea,Acya_20_C5,Nursery,Nursery,2,5,CL,
20201011,A.cyatherea,Acya_20_C5,Nursery,Nursery,3,7,CL,
20201011,A.cyatherea,Acya_20_C5,Nursery,Nursery,4,4,CL,
20201011,A.cyatherea,Acya_20_C5,Nursery,Nursery,5,6,CL,
20201011,A.cyatherea,Acya_20_C5,Nursery,Nursery,6,4,CL,
20201011,A.cyatherea,Acya_20_C5,Nursery,Nursery,7,5,CL,
20201011,A.cyatherea,Acya_20_C5,Nursery,Nursery,8,3,CL,
20201011,A.cyatherea,Acya_20_C5,Nursery,Nursery,9,6,CL,
20201011,A.cyatherea,Acya_20_C5,Nursery,Nursery,10,4,CL,
20201011,A.cyatherea,Acya_20_C5,Nursery,Nursery,11,6,CL,
20201011,A.cyatherea,Acya_20_C5,Nursery,Nursery,12,7,CL,
20201011,A.cyatherea,Acya_20_C5,Nursery,Nursery,13,6,CL,
20201011,A.cyatherea,Acya_20_C5,Nursery,Nursery,14,5,CL,
20201011,A.cyatherea,Acya_20_C5,Nursery,Nursery,15,5,CL,
20201011,A.cyatherea,Acya_20_C5,Nursery,Nursery,16,6,CL,
20201011,A.cyatherea,Acya_20_C5,Nursery,Nursery,17,5,CL,
20201011,A.cyatherea,Acya_20_C5,Nursery,Nursery,18,4,CL,
20201011,A.cyatherea,Acya_20_C5,Nursery,Nursery,19,4,CL,
20201011,A.cyatherea,Acya_20_C5,Nursery,Nursery,20,3,CL,
20201011,A.cyatherea,Acya_20_C5,Nursery,Nursery,21,3,CL,
20201011,A.cyatherea,Acya_20_C5,Nursery,Nursery,22,4,CL,
20201011,A.cyatherea,Acya_20_C5,Nursery,Nursery,23,3,CL,
20201011,A.cyatherea,Acya_20_C5,Nursery,Nursery,24,4,CL,
20201011,A.pulchra,Apul_71,Linareva,Wild,1,9,CL,
20201011,A.pulchra,Apul_71,Linareva,Wild,2,10,CL,
20201011,A.pulchra,Apul_71,Linareva,Wild,3,5,CL,
20201011,A.pulchra,Apul_71,Linareva,Wild,4,9,CL,
20201011,A.pulchra,Apul_71,Linareva,Wild,5,9,CL,
20201011,A.pulchra,Apul_71,Linareva,Wild,6,8,CL,
20201011,A.pulchra,Apul_71,Linareva,Wild,7,7,CL,
20201011,A.pulchra,Apul_71,Linareva,Wild,8,9,CL,
20201011,A.pulchra,Apul_71,Linareva,Wild,9,9,CL,
20201011,A.pulchra,Apul_71,Linareva,Wild,10,10,CL,
20201011,A.pulchra,Apul_71,Linareva,Wild,11,11,CL,
20201011,A.pulchra,Apul_71,Linareva,Wild,12,10,CL,
20201011,A.pulchra,Apul_71,Linareva,Wild,13,8,CL,
20201011,A.pulchra,Apul_71,Linareva,Wild,14,5,CL,
20201011,A.pulchra,Apul_71,Linareva,Wild,15,8,CL,
20201011,A.pulchra,Apul_71,Linareva,Wild,16,6,CL,
20201011,A.pulchra,Apul_71,Linareva,Wild,17,8,CL,
20201011,A.pulchra,Apul_71,Linareva,Wild,18,7,CL,
20201011,A.pulchra,Apul_71,Linareva,Wild,19,8,CL,
20201011,A.pulchra,Apul_71,Linareva,Wild,20,5,CL,
20201011,A.pulchra,Apul_71,Linareva,Wild,21,11,CL,
20201011,A.pulchra,Apul_71,Linareva,Wild,22,12,CL,
20201011,A.pulchra,Apul_71,Linareva,Wild,23,6,CL,
20201011,A.pulchra,Apul_71,Linareva,Wild,24,7,CL,
20201011,A.pulchra,Apul_72,Linareva,Wild,1,9,CL,
20201011,A.pulchra,Apul_72,Linareva,Wild,2,8,CL,
20201011,A.pulchra,Apul_72,Linareva,Wild,3,9,CL,
20201011,A.pulchra,Apul_72,Linareva,Wild,4,9,CL,
20201011,A.pulchra,Apul_72,Linareva,Wild,5,15,CL,
20201011,A.pulchra,Apul_72,Linareva,Wild,6,12,CL,
20201011,A.pulchra,Apul_72,Linareva,Wild,7,11,CL,
20201011,A.pulchra,Apul_72,Linareva,Wild,8,8,CL,
20201011,A.pulchra,Apul_72,Linareva,Wild,9,13,CL,
20201011,A.pulchra,Apul_72,Linareva,Wild,10,16,CL,
20201011,A.pulchra,Apul_72,Linareva,Wild,11,9,CL,
20201011,A.pulchra,Apul_72,Linareva,Wild,12,16,CL,
20201011,A.pulchra,Apul_72,Linareva,Wild,13,10,CL,
20201011,A.pulchra,Apul_72,Linareva,Wild,14,10,CL,
20201011,A.pulchra,Apul_72,Linareva,Wild,15,12,CL,
20201011,A.pulchra,Apul_72,Linareva,Wild,16,10,CL,
20201011,A.pulchra,Apul_72,Linareva,Wild,17,9,CL,
20201011,A.pulchra,Apul_72,Linareva,Wild,18,10,CL,
20201011,A.pulchra,Apul_72,Linareva,Wild,19,12,CL,
20201011,A.pulchra,Apul_72,Linareva,Wild,20,12,CL,
20201011,A.pulchra,Apul_72,Linareva,Wild,21,12,CL,
20201011,A.pulchra,Apul_72,Linareva,Wild,22,9,CL,
20201011,A.pulchra,Apul_72,Linareva,Wild,23,14,CL,
20201011,A.pulchra,Apul_72,Linareva,Wild,24,12,CL,
20201012,A.cyatherea,Acya_20_C5,Nursery,Nursery,1,5,DB,
20201012,A.cyatherea,Acya_20_C5,Nursery,Nursery,2,5,DB,
20201012,A.cyatherea,Acya_20_C5,Nursery,Nursery,3,7,DB,
20201012,A.cyatherea,Acya_20_C5,Nursery,Nursery,4,10,DB,
20201012,A.cyatherea,Acya_20_C5,Nursery,Nursery,5,6,DB,
20201012,A.cyatherea,Acya_20_C5,Nursery,Nursery,6,6,DB,
20201012,A.cyatherea,Acya_20_C5,Nursery,Nursery,7,7,DB,
20201012,A.cyatherea,Acya_20_C5,Nursery,Nursery,8,5,DB,
20201012,A.cyatherea,Acya_20_C5,Nursery,Nursery,9,8,DB,
20201012,A.cyatherea,Acya_20_C5,Nursery,Nursery,10,10,DB,
20201012,A.cyatherea,Acya_20_C5,Nursery,Nursery,11,8,DB,
20201012,A.cyatherea,Acya_20_C5,Nursery,Nursery,12,5,DB,
20201012,A.cyatherea,Acya_20_C5,Nursery,Nursery,13,8,DB,
20201012,A.cyatherea,Acya_20_C5,Nursery,Nursery,14,9,DB,
20201012,A.cyatherea,Acya_20_C5,Nursery,Nursery,15,5,DB,
20201012,A.cyatherea,Acya_20_C5,Nursery,Nursery,16,6,DB,
20201012,A.cyatherea,Acya_20_C5,Nursery,Nursery,17,5,DB,
20201012,A.cyatherea,Acya_20_C5,Nursery,Nursery,18,6,DB,
20201012,A.cyatherea,Acya_20_C5,Nursery,Nursery,19,5,DB,
20201012,A.cyatherea,Acya_20_C5,Nursery,Nursery,20,5,DB,
20201012,A.cyatherea,Acya_20_C5,Nursery,Nursery,21,7,DB,
20201012,A.cyatherea,Acya_20_C5,Nursery,Nursery,22,6,DB,
20201012,A.cyatherea,Acya_20_C5,Nursery,Nursery,23,5,DB,
20201012,A.cyatherea,Acya_20_C5,Nursery,Nursery,24,5,DB,
20201012,A.cyatherea,Acya_8_2.1,Nursery,Nursery,1,4,DB,
20201012,A.cyatherea,Acya_8_2.1,Nursery,Nursery,2,1,DB,
20201012,A.cyatherea,Acya_8_2.1,Nursery,Nursery,3,1,DB,
20201012,A.cyatherea,Acya_8_2.1,Nursery,Nursery,4,1,DB,
20201012,A.cyatherea,Acya_8_2.1,Nursery,Nursery,5,1,DB,
20201012,A.cyatherea,Acya_8_2.1,Nursery,Nursery,6,1,DB,
20201012,A.cyatherea,Acya_8_2.1,Nursery,Nursery,7,1,DB,
20201012,A.cyatherea,Acya_8_2.1,Nursery,Nursery,8,1,DB,
20201012,A.cyatherea,Acya_8_2.1,Nursery,Nursery,9,2,DB,
20201012,A.cyatherea,Acya_8_2.1,Nursery,Nursery,10,1,DB,
20201012,A.cyatherea,Acya_8_2.1,Nursery,Nursery,11,1,DB,
20201012,A.cyatherea,Acya_8_2.1,Nursery,Nursery,12,2,DB,
20201012,A.cyatherea,Acya_8_2.1,Nursery,Nursery,13,1,DB,
20201012,A.cyatherea,Acya_8_2.1,Nursery,Nursery,14,1,DB,
20201012,A.cyatherea,Acya_8_2.1,Nursery,Nursery,15,1,DB,
20201012,A.cyatherea,Acya_8_2.1,Nursery,Nursery,16,1,DB,
20201012,A.cyatherea,Acya_8_2.1,Nursery,Nursery,17,1,DB,
20201012,A.cyatherea,Acya_8_2.1,Nursery,Nursery,18,1,DB,
20201012,A.cyatherea,Acya_8_2.1,Nursery,Nursery,19,1,DB,
20201012,A.cyatherea,Acya_8_2.1,Nursery,Nursery,20,1,DB,
20201012,A.cyatherea,Acya_8_2.1,Nursery,Nursery,21,1,DB,
20201012,A.cyatherea,Acya_8_2.1,Nursery,Nursery,22,1,DB,
20201012,A.cyatherea,Acya_8_2.1,Nursery,Nursery,23,1,DB,
20201012,A.cyatherea,Acya_8_2.1,Nursery,Nursery,24,1,DB,
20201012,A.cyatherea,Acya_3_4.1,Nursery,Nursery,1,9,DB,
20201012,A.cyatherea,Acya_3_4.1,Nursery,Nursery,2,9,DB,
20201012,A.cyatherea,Acya_3_4.1,Nursery,Nursery,3,10,DB,
20201012,A.cyatherea,Acya_3_4.1,Nursery,Nursery,4,8,DB,
20201012,A.cyatherea,Acya_3_4.1,Nursery,Nursery,5,8,DB,
20201012,A.cyatherea,Acya_3_4.1,Nursery,Nursery,6,8,DB,
20201012,A.cyatherea,Acya_3_4.1,Nursery,Nursery,7,8,DB,
20201012,A.cyatherea,Acya_3_4.1,Nursery,Nursery,8,4,DB,
20201012,A.cyatherea,Acya_3_4.1,Nursery,Nursery,9,10,DB,
20201012,A.cyatherea,Acya_3_4.1,Nursery,Nursery,10,9,DB,
20201012,A.cyatherea,Acya_3_4.1,Nursery,Nursery,11,10,DB,
20201012,A.cyatherea,Acya_3_4.1,Nursery,Nursery,12,6,DB,
20201012,A.cyatherea,Acya_3_4.1,Nursery,Nursery,13,6,DB,
20201012,A.cyatherea,Acya_3_4.1,Nursery,Nursery,14,9,DB,
20201012,A.cyatherea,Acya_3_4.1,Nursery,Nursery,15,10,DB,
20201012,A.cyatherea,Acya_3_4.1,Nursery,Nursery,16,10,DB,
20201012,A.cyatherea,Acya_3_4.1,Nursery,Nursery,17,8,DB,
20201012,A.cyatherea,Acya_3_4.1,Nursery,Nursery,18,7,DB,
20201012,A.cyatherea,Acya_3_4.1,Nursery,Nursery,19,11,DB,
20201012,A.cyatherea,Acya_3_4.1,Nursery,Nursery,20,7,DB,
20201012,A.cyatherea,Acya_3_4.1,Nursery,Nursery,21,5,DB,
20201012,A.cyatherea,Acya_3_4.1,Nursery,Nursery,22,10,DB,
20201012,A.cyatherea,Acya_3_4.1,Nursery,Nursery,23,7,DB,
20201012,A.cyatherea,Acya_3_4.1,Nursery,Nursery,24,10,DB,
20201012,A.cyatherea,Acya_3_3.1,Nursery,Nursery,1,4,DB,
20201012,A.cyatherea,Acya_3_3.1,Nursery,Nursery,2,6,DB,
20201012,A.cyatherea,Acya_3_3.1,Nursery,Nursery,3,4,DB,
20201012,A.cyatherea,Acya_3_3.1,Nursery,Nursery,4,3,DB,
20201012,A.cyatherea,Acya_3_3.1,Nursery,Nursery,5,5,DB,
20201012,A.cyatherea,Acya_3_3.1,Nursery,Nursery,6,6,DB,
20201012,A.cyatherea,Acya_3_3.1,Nursery,Nursery,7,6,DB,
20201012,A.cyatherea,Acya_3_3.1,Nursery,Nursery,8,NA,DB,Missing a bundle
20201012,A.cyatherea,Acya_3_3.1,Nursery,Nursery,9,4,DB,
20201012,A.cyatherea,Acya_3_3.1,Nursery,Nursery,10,4,DB,
20201012,A.cyatherea,Acya_3_3.1,Nursery,Nursery,11,6,DB,
20201012,A.cyatherea,Acya_3_3.1,Nursery,Nursery,12,5,DB,
20201012,A.cyatherea,Acya_3_3.1,Nursery,Nursery,13,4,DB,
20201012,A.cyatherea,Acya_3_3.1,Nursery,Nursery,14,8,DB,
20201012,A.cyatherea,Acya_3_3.1,Nursery,Nursery,15,5,DB,
20201012,A.cyatherea,Acya_3_3.1,Nursery,Nursery,16,5,DB,
20201012,A.cyatherea,Acya_3_3.1,Nursery,Nursery,17,6,DB,
20201012,A.cyatherea,Acya_3_3.1,Nursery,Nursery,18,4,DB,
20201012,A.cyatherea,Acya_3_3.1,Nursery,Nursery,19,5,DB,
20201012,A.cyatherea,Acya_3_3.1,Nursery,Nursery,20,3,DB,
20201012,A.cyatherea,Acya_3_3.1,Nursery,Nursery,21,7,DB,
20201012,A.cyatherea,Acya_3_3.1,Nursery,Nursery,22,4,DB,
20201012,A.cyatherea,Acya_3_3.1,Nursery,Nursery,23,5,DB,
20201012,A.cyatherea,Acya_3_3.1,Nursery,Nursery,24,5,DB,
20201013,A.cyatherea,Acya_8_3.5,Nursery,Nursery,1,5,DC,
20201013,A.cyatherea,Acya_8_3.5,Nursery,Nursery,2,7,DC,
20201013,A.cyatherea,Acya_8_3.5,Nursery,Nursery,3,9,DC,
20201013,A.cyatherea,Acya_8_3.5,Nursery,Nursery,4,9,DC,
20201013,A.cyatherea,Acya_8_3.5,Nursery,Nursery,5,4,DC,
20201013,A.cyatherea,Acya_8_3.5,Nursery,Nursery,6,6,DC,
20201013,A.cyatherea,Acya_8_3.5,Nursery,Nursery,7,7,DC,
20201013,A.cyatherea,Acya_8_3.5,Nursery,Nursery,8,5,DC,
20201013,A.cyatherea,Acya_8_3.5,Nursery,Nursery,9,6,DC,
20201013,A.cyatherea,Acya_8_3.5,Nursery,Nursery,10,6,DC,
20201013,A.cyatherea,Acya_8_3.5,Nursery,Nursery,11,8,DC,
20201013,A.cyatherea,Acya_8_3.5,Nursery,Nursery,12,4,DC,
20201013,A.cyatherea,Acya_8_3.5,Nursery,Nursery,13,5,DC,
20201013,A.cyatherea,Acya_8_3.5,Nursery,Nursery,14,5,DC,
20201013,A.cyatherea,Acya_8_3.5,Nursery,Nursery,15,4,DC,
20201013,A.cyatherea,Acya_8_3.5,Nursery,Nursery,16,9,DC,
20201013,A.cyatherea,Acya_8_3.5,Nursery,Nursery,17,4,DC,
20201013,A.cyatherea,Acya_8_3.5,Nursery,Nursery,18,7,DC,
20201013,A.cyatherea,Acya_8_3.5,Nursery,Nursery,19,4,DC,
20201013,A.cyatherea,Acya_8_3.5,Nursery,Nursery,20,6,DC,
20201013,A.cyatherea,Acya_8_3.5,Nursery,Nursery,21,6,DC,
20201013,A.cyatherea,Acya_8_3.5,Nursery,Nursery,22,4,DC,
20201013,A.cyatherea,Acya_8_3.5,Nursery,Nursery,23,2,DC,
20201013,A.cyatherea,Acya_8_3.5,Nursery,Nursery,24,9,DC,
20201013,A.pulchra,Apul_14_4.2,Nursery,Nursery,1,13,DC,
20201013,A.pulchra,Apul_14_4.2,Nursery,Nursery,2,7,DC,
20201013,A.pulchra,Apul_14_4.2,Nursery,Nursery,3,12,DC,
20201013,A.pulchra,Apul_14_4.2,Nursery,Nursery,4,8,DC,
20201013,A.pulchra,Apul_14_4.2,Nursery,Nursery,5,7,DC,
20201013,A.pulchra,Apul_14_4.2,Nursery,Nursery,6,12,DC,
20201013,A.pulchra,Apul_14_4.2,Nursery,Nursery,7,8,DC,
20201013,A.pulchra,Apul_14_4.2,Nursery,Nursery,8,15,DC,
20201013,A.pulchra,Apul_14_4.2,Nursery,Nursery,9,9,DC,
20201013,A.pulchra,Apul_14_4.2,Nursery,Nursery,10,13,DC,
20201013,A.pulchra,Apul_14_4.2,Nursery,Nursery,11,7,DC,
20201013,A.pulchra,Apul_14_4.2,Nursery,Nursery,12,10,DC,
20201013,A.pulchra,Apul_14_4.2,Nursery,Nursery,13,18,DC,
20201013,A.pulchra,Apul_14_4.2,Nursery,Nursery,14,12,DC,
20201013,A.pulchra,Apul_14_4.2,Nursery,Nursery,15,5,DC,
20201013,A.pulchra,Apul_14_4.2,Nursery,Nursery,16,19,DC,
20201013,A.pulchra,Apul_14_4.2,Nursery,Nursery,17,17,DC,
20201013,A.pulchra,Apul_14_4.2,Nursery,Nursery,18,15,DC,
20201013,A.pulchra,Apul_14_4.2,Nursery,Nursery,19,6,DC,
20201013,A.pulchra,Apul_14_4.2,Nursery,Nursery,20,17,DC,
20201013,A.pulchra,Apul_14_4.2,Nursery,Nursery,21,14,DC,
20201013,A.pulchra,Apul_14_4.2,Nursery,Nursery,22,9,DC,
20201013,A.pulchra,Apul_14_4.2,Nursery,Nursery,23,8,DC,
20201013,A.pulchra,Apul_14_4.2,Nursery,Nursery,24,17,DC,
20201013,A.pulchra,Apul_206,Mahana,Wild,1,5,DC,
20201013,A.pulchra,Apul_206,Mahana,Wild,2,20,DC,
20201013,A.pulchra,Apul_206,Mahana,Wild,3,9,DC,
20201013,A.pulchra,Apul_206,Mahana,Wild,4,8,DC,
20201013,A.pulchra,Apul_206,Mahana,Wild,5,10,DC,
20201013,A.pulchra,Apul_206,Mahana,Wild,6,6,DC,
20201013,A.pulchra,Apul_206,Mahana,Wild,7,6,DC,
20201013,A.pulchra,Apul_206,Mahana,Wild,8,10,DC,
20201013,A.pulchra,Apul_206,Mahana,Wild,9,9,DC,
20201013,A.pulchra,Apul_206,Mahana,Wild,10,9,DC,
20201013,A.pulchra,Apul_206,Mahana,Wild,11,3,DC,
20201013,A.pulchra,Apul_206,Mahana,Wild,12,4,DC,
20201013,A.pulchra,Apul_206,Mahana,Wild,13,NA,DC,Missing a bundle
20201013,A.pulchra,Apul_206,Mahana,Wild,14,7,DC,
20201013,A.pulchra,Apul_206,Mahana,Wild,15,8,DC,
20201013,A.pulchra,Apul_206,Mahana,Wild,16,8,DC,
20201013,A.pulchra,Apul_206,Mahana,Wild,17,9,DC,
20201013,A.pulchra,Apul_206,Mahana,Wild,18,9,DC,
20201013,A.pulchra,Apul_206,Mahana,Wild,19,10,DC,
20201013,A.pulchra,Apul_206,Mahana,Wild,20,5,DC,
20201013,A.pulchra,Apul_206,Mahana,Wild,21,8,DC,
20201013,A.pulchra,Apul_206,Mahana,Wild,22,8,DC,
20201013,A.pulchra,Apul_206,Mahana,Wild,23,7,DC,
20201013,A.pulchra,Apul_206,Mahana,Wild,24,5,DC,
20201014,A.pulchra,Apul_1,Nursery,Nursery,1,5,DC,
20201014,A.pulchra,Apul_1,Nursery,Nursery,2,5,DC,
20201014,A.pulchra,Apul_1,Nursery,Nursery,3,6,DC,
20201014,A.pulchra,Apul_1,Nursery,Nursery,4,4,DC,
20201014,A.pulchra,Apul_1,Nursery,Nursery,5,8,DC,
20201014,A.pulchra,Apul_1,Nursery,Nursery,6,2,DC,
20201014,A.pulchra,Apul_1,Nursery,Nursery,7,6,DC,
20201014,A.pulchra,Apul_1,Nursery,Nursery,8,5,DC,
20201014,A.pulchra,Apul_1,Nursery,Nursery,9,7,DC,
20201014,A.pulchra,Apul_1,Nursery,Nursery,10,3,DC,
20201014,A.pulchra,Apul_1,Nursery,Nursery,11,9,DC,
20201014,A.pulchra,Apul_1,Nursery,Nursery,12,5,DC,
20201014,A.pulchra,Apul_1,Nursery,Nursery,13,5,DC,
20201014,A.pulchra,Apul_1,Nursery,Nursery,14,4,DC,
20201014,A.pulchra,Apul_1,Nursery,Nursery,15,5,DC,
20201014,A.pulchra,Apul_1,Nursery,Nursery,16,5,DC,
20201014,A.pulchra,Apul_1,Nursery,Nursery,17,5,DC,
20201014,A.pulchra,Apul_1,Nursery,Nursery,18,7,DC,
20201014,A.pulchra,Apul_1,Nursery,Nursery,19,6,DC,
20201014,A.pulchra,Apul_1,Nursery,Nursery,20,3,DC,
20201014,A.pulchra,Apul_1,Nursery,Nursery,21,4,DC,
20201014,A.pulchra,Apul_1,Nursery,Nursery,22,6,DC,
20201014,A.pulchra,Apul_1,Nursery,Nursery,23,5,DC,
20201014,A.pulchra,Apul_1,Nursery,Nursery,24,6,DC,
20201014,A.cyatherea,Acya_17,Linareva,Wild,1,12,DC,
20201014,A.cyatherea,Acya_17,Linareva,Wild,2,13,DC,
20201014,A.cyatherea,Acya_17,Linareva,Wild,3,10,DC,
20201014,A.cyatherea,Acya_17,Linareva,Wild,4,11,DC,
20201014,A.cyatherea,Acya_17,Linareva,Wild,5,11,DC,
20201014,A.cyatherea,Acya_17,Linareva,Wild,6,12,DC,
20201014,A.cyatherea,Acya_17,Linareva,Wild,7,14,DC,
20201014,A.cyatherea,Acya_17,Linareva,Wild,8,12,DC,
20201014,A.cyatherea,Acya_17,Linareva,Wild,9,7,DC,
20201014,A.cyatherea,Acya_17,Linareva,Wild,10,6,DC,
20201014,A.cyatherea,Acya_17,Linareva,Wild,11,9,DC,
20201014,A.cyatherea,Acya_17,Linareva,Wild,12,7,DC,
20201014,A.cyatherea,Acya_17,Linareva,Wild,13,10,DC,
20201014,A.cyatherea,Acya_17,Linareva,Wild,14,11,DC,
20201014,A.cyatherea,Acya_17,Linareva,Wild,15,11,DC,
20201014,A.cyatherea,Acya_17,Linareva,Wild,16,11,DC,
20201014,A.cyatherea,Acya_17,Linareva,Wild,17,11,DC,
20201014,A.cyatherea,Acya_17,Linareva,Wild,18,12,DC,
20201014,A.cyatherea,Acya_17,Linareva,Wild,19,NA,DC,Missing a bundle
20201014,A.cyatherea,Acya_17,Linareva,Wild,20,9,DC,
20201014,A.cyatherea,Acya_17,Linareva,Wild,21,7,DC,
20201014,A.cyatherea,Acya_17,Linareva,Wild,22,13,DC,
20201014,A.cyatherea,Acya_17,Linareva,Wild,23,12,DC,
20201014,A.cyatherea,Acya_17,Linareva,Wild,24,9,DC,
20201014,A.cyatherea,Acya_14,Linareva,Wild,1,5,DC,
20201014,A.cyatherea,Acya_14,Linareva,Wild,2,4,DC,
20201014,A.cyatherea,Acya_14,Linareva,Wild,3,3,DC,
20201014,A.cyatherea,Acya_14,Linareva,Wild,4,6,DC,
20201014,A.cyatherea,Acya_14,Linareva,Wild,5,7,DC,
20201014,A.cyatherea,Acya_14,Linareva,Wild,6,5,DC,
20201014,A.cyatherea,Acya_14,Linareva,Wild,7,8,DC,
20201014,A.cyatherea,Acya_14,Linareva,Wild,8,2,DC,
20201014,A.cyatherea,Acya_14,Linareva,Wild,9,4,DC,
20201014,A.cyatherea,Acya_14,Linareva,Wild,10,4,DC,
20201014,A.cyatherea,Acya_14,Linareva,Wild,11,6,DC,
20201014,A.cyatherea,Acya_14,Linareva,Wild,12,4,DC,
20201014,A.cyatherea,Acya_14,Linareva,Wild,13,5,DC,
20201014,A.cyatherea,Acya_14,Linareva,Wild,14,7,DC,
20201014,A.cyatherea,Acya_14,Linareva,Wild,15,7,DC,
20201014,A.cyatherea,Acya_14,Linareva,Wild,16,4,DC,
20201014,A.cyatherea,Acya_14,Linareva,Wild,17,10,DC,
20201014,A.cyatherea,Acya_14,Linareva,Wild,18,7,DC,
20201014,A.cyatherea,Acya_14,Linareva,Wild,19,NA,DC,Missing a bundle
20201014,A.cyatherea,Acya_14,Linareva,Wild,20,2,DC,
20201014,A.cyatherea,Acya_14,Linareva,Wild,21,5,DC,
20201014,A.cyatherea,Acya_14,Linareva,Wild,22,3,DC,
20201014,A.cyatherea,Acya_14,Linareva,Wild,23,9,DC,
20201014,A.cyatherea,Acya_14,Linareva,Wild,24,5,DC,
